"ppntID","obsbudget","obsbudget_initial","observations","obstime","probfeatures","payfeatures","drawTime","idstring","phase","infostate","score_before_choice","choice_time","payout_received","choice","score_after_choice","condition","expectedvalue1","expectedvalue2","expectedvalue3","expectedvalue_choice"
"5702305",0,5,"[""trial682_prob1"",""trial682_prob2"",""trial682_prob3"",""trial682_pay1"",""trial682_pay2"",""trial682_pay3""]","[1596636361361,1596636361372,1596636361380,1596636361386,1596636361391,1596636361395]","[0.714,0.537,0.433]","[15.5,26.9,15.7]",1596636361338,"trial682_","phase0","[""-"",""-"",""-"",""-"",""-"",""-""]",0,1596636370288,true,"trial682_1",45.5,"cond1",11.067,14.4453,6.7981,39.312
"5702305",0,1,"[""trial258_prob1"",""trial258_prob2"",""trial258_prob3"",""trial258_pay1"",""trial258_pay2"",""trial258_pay3""]","[1596636372169,1596636372182,1596636372193,1596636372199,1596636372204,1596636372209]","[0.527,0.548,0.332]","[18.6,14.8,23]",1596636372151,"trial258_","phase0","[""-"",""-"",""-"",""-"",""-"",""-""]",45.5,1596636382176,false,"trial258_3",45.5,"cond1",9.802200000000001,8.1104,7.636,4.66182
"5702305",0,3,"[""trial459_prob1"",""trial459_prob2"",""trial459_prob3"",""trial459_pay1"",""trial459_pay2"",""trial459_pay3""]","[1596636383910,1596636383923,1596636383940,1596636383951,1596636383959,1596636383965]","[0.76,0.328,0.471]","[16.5,19.3,20]",1596636383895,"trial459_","phase0","[""-"",""-"",""-"",""-"",""-"",""-""]",45.5,1596636393640,true,"trial459_2",94.8,"cond1",12.540000000000001,6.330400000000001,9.42,28.495399999999997
"5702305",0,2,"[""trial75_prob1"",""trial75_prob2"",""trial75_prob3"",""trial75_pay1"",""trial75_pay2"",""trial75_pay3""]","[1596636396386,1596636396399,1596636396407,1596636396413,1596636396419,1596636396424]","[0.309,0.575,0.476]","[15.2,26.9,16.4]",1596636396372,"trial75_","phase0","[""-"",""-"",""-"",""-"",""-"",""-""]",94.8,1596636403584,true,"trial75_2",191.7,"cond1",4.6968,15.467499999999998,7.806399999999999,55.7175
"5702305",0,3,"[""trial109_prob1"",""trial109_prob2"",""trial109_prob3"",""trial109_pay1"",""trial109_pay2"",""trial109_pay3""]","[1596636405402,1596636405422,1596636405431,1596636405439,1596636405443,1596636405449]","[0.185,0.571,0.334]","[24.7,20.9,17.4]",1596636405386,"trial109_","phase0","[""-"",""-"",""-"",""-"",""-"",""-""]",191.7,1596636421700,false,"trial109_2",191.7,"cond1",4.5695,11.933899999999998,5.811599999999999,29.063899999999997
"5702305",0,1,"[""trial386_prob1"",""trial386_prob2"",""trial386_prob3"",""trial386_pay1"",""trial386_pay2"",""trial386_pay3""]","[1596636423540,1596636423553,1596636423562,1596636423568,1596636423574,1596636423579]","[0.537,0.592,0.472]","[15.9,15.1,23.1]",1596636423524,"trial386_","phase0","[""-"",""-"",""-"",""-"",""-"",""-""]",191.7,1596636433322,false,"trial386_1",191.7,"cond1",8.538300000000001,8.9392,10.9032,48.813300000000005
"5702305",0,1,"[""trial256_prob1"",""trial256_prob2"",""trial256_prob3"",""trial256_pay1"",""trial256_pay2"",""trial256_pay3""]","[1596636435358,1596636435372,1596636435386,1596636435398,1596636435403,1596636435408]","[0.55,0.79,0.183]","[18.5,25.1,20.8]",1596636435340,"trial256_","phase0","[""-"",""-"",""-"",""-"",""-"",""-""]",191.7,1596636446772,false,"trial256_1",191.7,"cond1",10.175,19.829,3.8064,26.675
"5702305",0,2,"[""trial26_prob1"",""trial26_prob2"",""trial26_prob3"",""trial26_pay1"",""trial26_pay2"",""trial26_pay3""]","[1596636448307,1596636448319,1596636448327,1596636448334,1596636448339,1596636448344]","[0.509,0.658,0.707]","[20.4,17.1,14.4]",1596636448289,"trial26_","phase0","[""-"",""-"",""-"",""-"",""-"",""-""]",191.7,1596636451868,true,"trial26_2",198.82999999999998,"cond1",10.3836,11.251800000000001,10.1808,5.76104
"5702305",0,1,"[""trial397_prob1"",""trial397_prob2"",""trial397_prob3"",""trial397_pay1"",""trial397_pay2"",""trial397_pay3""]","[1596636453531,1596636453541,1596636453549,1596636453555,1596636453560,1596636453565]","[0.251,0.723,0.569]","[12.1,21.4,20.9]",1596636453515,"trial397_","phase0","[""-"",""-"",""-"",""-"",""-"",""-""]",198.82999999999998,1596636458025,true,"trial397_3",249.73,"cond1",3.0371,15.472199999999999,11.892099999999997,28.962099999999996
"5702305",0,6,"[""trial803_prob1"",""trial803_prob2"",""trial803_prob3"",""trial803_pay1"",""trial803_pay2"",""trial803_pay3""]","[1596636459770,1596636459783,1596636459792,1596636459799,1596636459804,1596636459810]","[0.176,0.325,0.239]","[21.6,13.8,16.4]",1596636459755,"trial803_","phase0","[""-"",""-"",""-"",""-"",""-"",""-""]",249.73,1596636462980,true,"trial803_1",341.33,"cond1",3.8016,4.485,3.9195999999999995,39.0216
"5702305",0,2,"[""trial909_prob1"",""trial909_prob2"",""trial909_prob3"",""trial909_pay1"",""trial909_pay2"",""trial909_pay3""]","[1596636477997,1596636478004,1596636478010,1596636478015,1596636478019,1596636478024]","[0.348,0.275,0.693]","[25.4,10.6,19.3]",1596636477990,"trial909_","phase0","[""-"",""-"",""-"",""-"",""-"",""-""]",341.33,1596636480379,false,"trial909_2",341.33,"cond1",8.839199999999998,2.915,13.3749,0.29924999999999996
"5702305",0,5,"[""trial482_prob1"",""trial482_prob2"",""trial482_prob3"",""trial482_pay1"",""trial482_pay2"",""trial482_pay3""]","[1596636481870,1596636481887,1596636481896,1596636481905,1596636481909,1596636481914]","[0.504,0.549,0.229]","[16.1,17.5,15.1]",1596636481852,"trial482_","phase0","[""-"",""-"",""-"",""-"",""-"",""-""]",341.33,1596636486070,true,"trial482_2",433.83,"cond1",8.114400000000002,9.6075,3.4579,50.782500000000006
"5702305",0,5,"[""trial303_prob1"",""trial303_prob2"",""trial303_prob3"",""trial303_pay1"",""trial303_pay2"",""trial303_pay3""]","[1596636487658,1596636487672,1596636487679,1596636487687,1596636487693,1596636487698]","[0.499,0.234,0.218]","[10.3,22.5,10.3]",1596636487643,"trial303_","phase0","[""-"",""-"",""-"",""-"",""-"",""-""]",433.83,1596636497297,false,"trial303_2",433.83,"cond1",5.1397,5.265000000000001,2.2454,25.41
"5702305",0,5,"[""trial190_prob1"",""trial190_prob2"",""trial190_prob3"",""trial190_pay1"",""trial190_pay2"",""trial190_pay3""]","[1596636499246,1596636499265,1596636499279,1596636499288,1596636499292,1596636499297]","[0.186,0.483,0.467]","[24,17.6,15.6]",1596636499230,"trial190_","phase0","[""-"",""-"",""-"",""-"",""-"",""-""]",433.83,1596636504083,true,"trial190_3",524.43,"cond1",4.464,8.5008,7.285200000000001,42.3102
"5702305",0,4,"[""trial458_prob1"",""trial458_prob2"",""trial458_prob3"",""trial458_pay1"",""trial458_pay2"",""trial458_pay3""]","[1596636505819,1596636505833,1596636505841,1596636505848,1596636505853,1596636505859]","[0.563,0.442,0.548]","[19.3,16.7,20.2]",1596636505802,"trial458_","phase0","[""-"",""-"",""-"",""-"",""-"",""-""]",524.43,1596636518744,false,"trial458_2",524.43,"cond1",10.8659,7.3814,11.069600000000001,40.531400000000005
"5702305",0,6,"[""trial226_prob1"",""trial226_prob2"",""trial226_prob3"",""trial226_pay1"",""trial226_pay2"",""trial226_pay3""]","[1596636520320,1596636520336,1596636520344,1596636520352,1596636520357,1596636520361]","[0.241,0.708,0.169]","[14.3,20.2,19.8]",1596636520307,"trial226_","phase0","[""-"",""-"",""-"",""-"",""-"",""-""]",524.43,1596636523577,true,"trial226_2",614.63,"cond1",3.4463,14.301599999999999,3.3462000000000005,77.3916
"5702305",0,4,"[""trial577_prob1"",""trial577_prob2"",""trial577_prob3"",""trial577_pay1"",""trial577_pay2"",""trial577_pay3""]","[1596636525232,1596636525237,1596636525243,1596636525249,1596636525253,1596636525258]","[0.447,0.674,0.662]","[23.1,18.5,22.5]",1596636525224,"trial577_","phase0","[""-"",""-"",""-"",""-"",""-"",""-""]",614.63,1596636528280,false,"trial577_1",614.63,"cond1",10.325700000000001,12.469000000000001,14.895000000000001,43.850699999999996
"5702305",0,3,"[""trial670_prob1"",""trial670_prob2"",""trial670_prob3"",""trial670_pay1"",""trial670_pay2"",""trial670_pay3""]","[1596636530004,1596636530017,1596636530025,1596636530032,1596636530037,1596636530039]","[0.516,0.658,0.811]","[13.6,24,18.9]",1596636529989,"trial670_","phase0","[""-"",""-"",""-"",""-"",""-"",""-""]",614.63,1596636537996,true,"trial670_3",663.53,"cond1",7.0176,15.792000000000002,15.3279,46.9929
"5702305",0,3,"[""trial23_prob1"",""trial23_prob2"",""trial23_prob3"",""trial23_pay1"",""trial23_pay2"",""trial23_pay3""]","[1596636539569,1596636539587,1596636539598,1596636539607,1596636539612,1596636539617]","[0.787,0.805,0.272]","[11.2,15.4,24.7]",1596636539553,"trial23_","phase0","[""-"",""-"",""-"",""-"",""-"",""-""]",663.53,1596636543822,false,"trial23_3",663.53,"cond1",8.8144,12.397,6.7184,49.433400000000006
"5702305",0,5,"[""trial378_prob1"",""trial378_prob2"",""trial378_prob3"",""trial378_pay1"",""trial378_pay2"",""trial378_pay3""]","[1596636552113,1596636552129,1596636552137,1596636552148,1596636552153,1596636552158]","[0.404,0.55,0.153]","[21.1,17.6,10.5]",1596636552101,"trial378_","phase0","[""-"",""-"",""-"",""-"",""-"",""-""]",759.63,1596636557427,false,"trial378_1",759.63,"cond1",8.524400000000002,9.680000000000001,1.6065,20.6444
"5702305",0,6,"[""trial416_prob1"",""trial416_prob2"",""trial416_prob3"",""trial416_pay1"",""trial416_pay2"",""trial416_pay3""]","[1596636558793,1596636558807,1596636558823,1596636558835,1596636558840,1596636558845]","[0.78,0.755,0.744]","[30,26.6,27.4]",1596636558777,"trial416_","phase0","[""-"",""-"",""-"",""-"",""-"",""-""]",759.63,1596636569689,true,"trial416_1",859.63,"cond1",23.400000000000002,20.083000000000002,20.3856,93
"5702305",0,3,"[""trial970_prob1"",""trial970_prob2"",""trial970_prob3"",""trial970_pay1"",""trial970_pay2"",""trial970_pay3""]","[1596636594922,1596636594935,1596636594942,1596636594949,1596636594952,1596636594956]","[0.179,0.319,0.295]","[28,23.8,18.1]",1596636594904,"trial970_","phase0","[""-"",""-"",""-"",""-"",""-"",""-""]",859.63,1596636597387,true,"trial970_2",953.43,"cond1",5.012,7.5922,5.3395,53.37219999999999
"5702305",0,3,"[""trial117_prob1"",""trial117_prob2"",""trial117_prob3"",""trial117_pay1"",""trial117_pay2"",""trial117_pay3""]","[1596636603208,1596636603223,1596636603231,1596636603236,1596636603241,1596636603246]","[0.493,0.806,0.69]","[16.6,15.7,17.9]",1596636603191,"trial117_","phase0","[""-"",""-"",""-"",""-"",""-"",""-""]",953.43,1596636605677,false,"trial117_2",953.43,"cond1",8.1838,12.6542,12.350999999999997,43.6892
"5702305",0,2,"[""trial264_prob1"",""trial264_prob2"",""trial264_prob3"",""trial264_pay1"",""trial264_pay2"",""trial264_pay3""]","[1596636607131,1596636607142,1596636607150,1596636607156,1596636607162,1596636607166]","[0.651,0.598,0.791]","[16.2,16.9,15.7]",1596636607115,"trial264_","phase0","[""-"",""-"",""-"",""-"",""-"",""-""]",953.43,1596636609696,true,"trial264_3",959.17,"cond1",10.5462,10.1062,12.4187,5.40134
"5702305",0,6,"[""trial847_prob1"",""trial847_prob2"",""trial847_prob3"",""trial847_pay1"",""trial847_pay2"",""trial847_pay3""]","[1596636611370,1596636611383,1596636611391,1596636611396,1596636611400,1596636611406]","[0.723,0.776,0.45]","[18.4,23.8,20.6]",1596636611355,"trial847_","phase0","[""-"",""-"",""-"",""-"",""-"",""-""]",959.17,1596636613521,true,"trial847_2",1052.97,"cond1",13.303199999999999,18.4688,9.270000000000001,86.8588
"5702305",0,6,"[""trial79_prob1"",""trial79_prob2"",""trial79_prob3"",""trial79_pay1"",""trial79_pay2"",""trial79_pay3""]","[1596636616142,1596636616158,1596636616170,1596636616177,1596636616183,1596636616189]","[0.738,0.184,0.559]","[10.7,24.7,12.5]",1596636616129,"trial79_","phase0","[""-"",""-"",""-"",""-"",""-"",""-""]",1052.97,1596636622387,false,"trial79_2",1052.97,"cond1",7.896599999999999,4.5447999999999995,6.987500000000001,43.269800000000004
"5702305",0,3,"[""trial877_prob1"",""trial877_prob2"",""trial877_prob3"",""trial877_pay1"",""trial877_pay2"",""trial877_pay3""]","[1596636630666,1596636630678,1596636630686,1596636630692,1596636630697,1596636630702]","[0.301,0.558,0.253]","[15.4,26.1,18.7]",1596636630649,"trial877_","phase0","[""-"",""-"",""-"",""-"",""-"",""-""]",1062.46,1596636637042,true,"trial877_2",1158.56,"cond1",4.6354,14.563800000000002,4.7311,53.6238
"5702305",0,2,"[""trial527_prob1"",""trial527_prob2"",""trial527_prob3"",""trial527_pay1"",""trial527_pay2"",""trial527_pay3""]","[1596636646081,1596636646097,1596636646107,1596636646114,1596636646119,1596636646124]","[0.691,0.269,0.762]","[29.2,20.7,24]",1596636646064,"trial527_","phase0","[""-"",""-"",""-"",""-"",""-"",""-""]",1158.56,1596636651705,true,"trial527_1",1257.76,"cond1",20.1772,5.5683,18.288,83.4272
"5702305",0,2,"[""trial565_prob1"",""trial565_prob2"",""trial565_prob3"",""trial565_pay1"",""trial565_pay2"",""trial565_pay3""]","[1596636653447,1596636653459,1596636653467,1596636653474,1596636653478,1596636653482]","[0.663,0.841,0.205]","[18.2,12.9,11.1]",1596636653430,"trial565_","phase0","[""-"",""-"",""-"",""-"",""-"",""-""]",1257.76,1596636662559,true,"trial565_2",1260.62,"cond1",12.0666,10.8489,2.2754999999999996,2.83426
"5702305",0,4,"[""trial755_prob1"",""trial755_prob2"",""trial755_prob3"",""trial755_pay1"",""trial755_pay2"",""trial755_pay3""]","[1596636664072,1596636664087,1596636664096,1596636664104,1596636664109,1596636664115]","[0.746,0.571,0.204]","[28.9,29.2,24.2]",1596636664059,"trial755_","phase0","[""-"",""-"",""-"",""-"",""-"",""-""]",1260.62,1596636669852,false,"trial755_1",1260.62,"cond1",21.5594,16.673199999999998,4.9368,49.0544
"5702305",0,2,"[""trial792_prob1"",""trial792_prob2"",""trial792_prob3"",""trial792_pay1"",""trial792_pay2"",""trial792_pay3""]","[1596636671221,1596636671234,1596636671242,1596636671249,1596636671251,1596636671256]","[0.746,0.664,0.822]","[22,20.6,21.8]",1596636671203,"trial792_","phase0","[""-"",""-"",""-"",""-"",""-"",""-""]",1260.62,1596636673999,true,"trial792_3",1352.4199999999998,"cond1",16.412,13.678400000000002,17.9196,89.22959999999999
"5702305",0,4,"[""trial132_prob1"",""trial132_prob2"",""trial132_prob3"",""trial132_pay1"",""trial132_pay2"",""trial132_pay3""]","[1596636675682,1596636675702,1596636675720,1596636675730,1596636675737,1596636675742]","[0.836,0.212,0.796]","[21.3,24.6,24.9]",1596636675656,"trial132_","phase0","[""-"",""-"",""-"",""-"",""-"",""-""]",1352.4199999999998,1596636678423,false,"trial132_1",1352.4199999999998,"cond1",17.8068,5.2152,19.8204,30.061799999999998
"5702305",0,3,"[""trial358_prob3"",""trial358_prob2"",""trial358_prob1""]","[1596636694169,1596636697305,1596636699622]","[0.578,0.773,0.587]","[27,14.2,20.5]",1596636690893,"trial358_","phase0","[""-"",""-"",""-"",""-"",""-"",""-""]",1352.4199999999998,1596636701453,true,"trial358_2",1356.62,"cond1",15.605999999999998,10.9766,12.0335,3.8766000000000003
"5702305",0,3,"[""trial959_pay3"",""trial959_pay2"",""trial959_pay1""]","[1596636705505,1596636707043,1596636708716]","[0.548,0.521,0.841]","[12.8,12.1,23.8]",1596636703319,"trial959_","phase0","[""-"",""-"",""-"",""-"",""-"",""-""]",1356.62,1596636710772,true,"trial959_3",1455.4199999999998,"cond1",7.014400000000001,6.3041,20.0158,97.9108
"5702305",0,4,"[""trial709_pay3"",""trial709_pay2"",""trial709_pay1"",""trial709_prob2""]","[1596636713993,1596636715972,1596636717595,1596636723051]","[0.554,0.534,0.821]","[20.7,15.2,16]",1596636712698,"trial709_","phase0","[""-"",""-"",""-"",""-"",""-"",""-""]",1455.4199999999998,1596636725273,true,"trial709_2",1545.62,"cond1",11.4678,8.1168,13.136,48.1668
"5702305",0,6,"[""trial201_pay3"",""trial201_pay2"",""trial201_pay1"",""trial201_prob3"",""trial201_prob2"",""trial201_prob1""]","[1596636729085,1596636730644,1596636732352,1596636737742,1596636738758,1596636740118]","[0.16,0.293,0.234]","[16.6,24.7,18.8]",1596636726997,"trial201_","phase0","[""-"",""-"",""-"",""-"",""-"",""-""]",1545.62,1596636748360,true,"trial201_3",1594.4199999999998,"cond1",2.656,7.237099999999999,4.3992,23.6192
"5702305",0,5,"[""trial540_prob3"",""trial540_pay3"",""trial540_prob2"",""trial540_pay2"",""trial540_prob1""]","[1596636767057,1596636768137,1596636769210,1596636770238,1596636772648]","[0.15,0.413,0.747]","[13.6,18.4,17.6]",1596636752379,"trial540_","phase0","[""-"",""-"",""-"",""-"",""-"",""-""]",1594.4199999999998,1596636777328,true,"trial540_3",1687.0199999999998,"cond1",2.04,7.599199999999999,13.147200000000002,83.06219999999999
"5702305",0,5,"[""trial330_prob3"",""trial330_pay3"",""trial330_prob2"",""trial330_pay2"",""trial330_prob1""]","[1596636783479,1596636784294,1596636785453,1596636786476,1596636787749]","[0.173,0.821,0.508]","[19.3,23.5,18.5]",1596636779168,"trial330_","phase0","[""-"",""-"",""-"",""-"",""-"",""-""]",1687.0199999999998,1596636791011,false,"trial330_2",1687.0199999999998,"cond1",3.3388999999999998,19.293499999999998,9.398,53.38849999999999
"5702305",0,4,"[""trial28_prob3"",""trial28_pay3"",""trial28_prob2"",""trial28_pay2"",""trial28_prob1""]","[1596636794303,1596636795340,1596636796593,1596636797640,1596636800316]","[0.231,0.25,0.277]","[18.7,19.7,15.7]",1596636792723,"trial28_","phase0","[""-"",""-"",""-"",""-"",""-"",""-""]",1687.0199999999998,1596636803513,true,"trial28_1",1695.6999999999998,"cond1",4.3197,4.925,4.3489,4.1750799999999995
"5702305",0,3,"[""trial30_prob3"",""trial30_pay3"",""trial30_prob2"",""trial30_pay2""]","[1596636811820,1596636813090,1596636814659,1596636815560]","[0.771,0.682,0.795]","[14.5,12.7,18]",1596636805184,"trial30_","phase0","[""-"",""-"",""-"",""-"",""-"",""-""]",1695.6999999999998,1596636820721,true,"trial30_3",1788.6999999999998,"cond1",11.1795,8.6614,14.31,87.88499999999999
"5702305",0,2,"[""trial43_pay3"",""trial43_prob3""]","[1596636824660,1596636825591]","[0.337,0.345,0.763]","[23.1,23.3,25.3]",1596636822414,"trial43_","phase0","[""-"",""-"",""-"",""-"",""-"",""-""]",1788.6999999999998,1596636827550,true,"trial43_3",1883.9999999999998,"cond1",7.784700000000001,8.038499999999999,19.303900000000002,48.8889
"5702305",0,5,"[""trial980_pay3"",""trial980_prob3"",""trial980_prob2"",""trial980_pay2"",""trial980_prob1""]","[1596636831096,1596636833475,1596636835820,1596636836679,1596636839782]","[0.267,0.504,0.275]","[29.8,24.8,23]",1596636829271,"trial980_","phase0","[""-"",""-"",""-"",""-"",""-"",""-""]",1883.9999999999998,1596636842727,true,"trial980_3",1976.9999999999998,"cond1",7.956600000000001,12.4992,6.325,48.825
"5702305",0,3,"[""trial921_prob3"",""trial921_pay3"",""trial921_prob2"",""trial921_pay2""]","[1596636846787,1596636847910,1596636849805,1596636851280]","[0.259,0.462,0.328]","[27.5,20.5,26.9]",1596636844255,"trial921_","phase0","[""-"",""-"",""-"",""-"",""-"",""-""]",1976.9999999999998,1596636855317,false,"trial921_1",1976.9999999999998,"cond1",7.1225000000000005,9.471,8.8232,49.6275
"5702305",0,1,"[""trial246_pay3""]","[1596636859574]","[0.215,0.532,0.723]","[19.2,23.6,18.8]",1596636856772,"trial246_","phase0","[""-"",""-"",""-"",""-"",""-"",""-""]",1976.9999999999998,1596636861772,false,"trial246_2",1976.9999999999998,"cond1",4.128,12.555200000000001,13.5924,4.59116
"5702305",0,4,"[""trial646_pay3"",""trial646_prob3"",""trial646_prob2"",""trial646_pay2""]","[1596636865619,1596636866439,1596636867634,1596636868679]","[0.444,0.424,0.341]","[21.7,23.3,19.4]",1596636863344,"trial646_","phase0","[""-"",""-"",""-"",""-"",""-"",""-""]",1976.9999999999998,1596636871745,true,"trial646_2",2030.2999999999997,"cond1",9.6348,9.8792,6.6154,22.5992
"5702305",0,5,"[""trial532_pay3"",""trial532_prob3"",""trial532_prob2"",""trial532_pay2"",""trial532_pay1""]","[1596636874956,1596636876355,1596636878115,1596636879362,1596636881875]","[0.264,0.716,0.308]","[15.5,17.7,14.7]",1596636873251,"trial532_","phase0","[""-"",""-"",""-"",""-"",""-"",""-""]",2030.2999999999997,1596636884198,true,"trial532_1",2120.7999999999997,"cond1",4.0920000000000005,12.6732,4.5276,46.517
"5702305",0,4,"[""trial860_pay3"",""trial860_prob2"",""trial860_pay2"",""trial860_prob1""]","[1596637971267,1596637973023,1596637974149,1596637976429]","[0.837,0.796,0.329]","[23.2,18,17.1]",1596636885794,"trial860_","phase0","[""-"",""-"",""-"",""-"",""-"",""-""]",2120.7999999999997,1596637978306,true,"trial860_1",2213.9999999999995,"cond1",19.4184,14.328000000000001,5.625900000000001,91.9884
"5702305",0,3,"[""trial427_prob3"",""trial427_prob1"",""trial427_prob2""]","[1596637982674,1596637984232,1596637985797]","[0.779,0.839,0.346]","[22,28,29.5]",1596637980095,"trial427_","phase0","[""-"",""-"",""-"",""-"",""-"",""-""]",2213.9999999999995,1596637987612,true,"trial427_2",2311.9999999999995,"cond1",17.138,23.491999999999997,10.206999999999999,96.922
"5702305",0,5,"[""trial442_prob3"",""trial442_prob2"",""trial442_prob1"",""trial442_pay1"",""trial442_pay3""]","[1596637991066,1596637992513,1596637994003,1596637996568,1596637999228]","[0.758,0.332,0.223]","[17.6,19.9,17]",1596637989207,"trial442_","phase0","[""-"",""-"",""-"",""-"",""-"",""-""]",2311.9999999999995,1596638002966,false,"trial442_1",2311.9999999999995,"cond1",13.340800000000002,6.6068,3.791,6.91896
"5702305",0,6,"[""trial889_prob3"",""trial889_pay3"",""trial889_prob2"",""trial889_pay2"",""trial889_pay1"",""trial889_prob1""]","[1596638006991,1596638007999,1596638009016,1596638010023,1596638011232,1596638012325]","[0.326,0.493,0.533]","[23.6,27.6,13.8]",1596638004481,"trial889_","phase0","[""-"",""-"",""-"",""-"",""-"",""-""]",2311.9999999999995,1596638013774,false,"trial889_1",2311.9999999999995,"cond1",7.693600000000001,13.6068,7.3554,16.473599999999998
"5702305",0,4,"[""trial409_pay3"",""trial409_prob2"",""trial409_pay2"",""trial409_prob1""]","[1596638017000,1596638017884,1596638018749,1596638020561]","[0.339,0.477,0.174]","[21.6,16.6,20]",1596638015196,"trial409_","phase0","[""-"",""-"",""-"",""-"",""-"",""-""]",2311.9999999999995,1596638023117,false,"trial409_2",2311.9999999999995,"cond1",7.322400000000001,7.918200000000001,3.4799999999999995,22.2282
"5702305",0,5,"[""trial984_pay3"",""trial984_prob3"",""trial984_prob2"",""trial984_pay2"",""trial984_pay1""]","[1596638027407,1596638028227,1596638029523,1596638030619,1596638033060]","[0.225,0.47,0.162]","[23.6,24.7,19.5]",1596638024687,"trial984_","phase0","[""-"",""-"",""-"",""-"",""-"",""-""]",2311.9999999999995,1596638034811,false,"trial984_1",2311.9999999999995,"cond1",5.3100000000000005,11.608999999999998,3.1590000000000003,44.459999999999994
"5702305",0,5,"[""trial233_pay3"",""trial233_pay2"",""trial233_pay1"",""trial233_prob2"",""trial233_prob3""]","[1596638037929,1596638039201,1596638040430,1596638045134,1596638048115]","[0.192,0.482,0.227]","[20.9,10.1,19.8]",1596638036197,"trial233_","phase0","[""-"",""-"",""-"",""-"",""-"",""-""]",2311.9999999999995,1596638052145,false,"trial233_3",2311.9999999999995,"cond1",4.0127999999999995,4.8682,4.4946,45.2196
"5702305",0,1,"[""trial944_prob3""]","[1596638056363]","[0.844,0.781,0.276]","[10.7,25.4,19.2]",1596638053795,"trial944_","phase0","[""-"",""-"",""-"",""-"",""-"",""-""]",2311.9999999999995,1596638057727,true,"trial944_3",2361.1999999999994,"cond1",9.0308,19.8374,5.2992,25.8792
"5702305",0,4,"[""trial65_prob3"",""trial65_pay3"",""trial65_prob1"",""trial65_pay1""]","[1596638061996,1596638063276,1596638065112,1596638066199]","[0.565,0.764,0.556]","[17.2,17.4,21.8]",1596638059429,"trial65_","phase0","[""-"",""-"",""-"",""-"",""-"",""-""]",2361.1999999999994,1596638068792,true,"trial65_3",2452.9999999999995,"cond1",9.717999999999998,13.2936,12.120800000000001,51.040800000000004
"5702305",0,1,"[""trial868_pay3""]","[1596638073153]","[0.787,0.469,0.153]","[18.9,20.2,21.5]",1596638070479,"trial868_","phase0","[""-"",""-"",""-"",""-"",""-"",""-""]",2452.9999999999995,1596638074426,false,"trial868_3",2452.9999999999995,"cond1",14.8743,9.473799999999999,3.2895,36.874500000000005
"5702305",0,4,"[""trial140_pay3"",""trial140_prob3"",""trial140_prob2"",""trial140_pay2"",""trial140_pay1""]","[1596638077944,1596638078851,1596638080244,1596638081595,1596638083870]","[0.811,0.786,0.342]","[22.1,24.4,24.1]",1596638075977,"trial140_","phase0","[""-"",""-"",""-"",""-"",""-"",""-""]",2452.9999999999995,1596638087796,true,"trial140_2",2547.3999999999996,"cond1",17.9231,19.1784,8.2422,88.35840000000002
"5702305",0,2,"[""trial911_prob3"",""trial911_pay3""]","[1596638091762,1596638093483]","[0.717,0.241,0.757]","[22.2,12.1,16]",1596638089220,"trial911_","phase0","[""-"",""-"",""-"",""-"",""-"",""-""]",2547.3999999999996,1596638095327,false,"trial911_2",2547.3999999999996,"cond1",15.917399999999999,2.9160999999999997,12.112,1.02128
"5702305",0,4,"[""trial679_prob3"",""trial679_pay3"",""trial679_prob2"",""trial679_pay2"",""trial679_prob1""]","[1596638100351,1596638101338,1596638102517,1596638103933,1596638106441]","[0.305,0.754,0.661]","[23.5,14.4,15.1]",1596638096906,"trial679_","phase0","[""-"",""-"",""-"",""-"",""-"",""-""]",2547.3999999999996,1596638109615,false,"trial679_3",2547.3999999999996,"cond1",7.1674999999999995,10.8576,9.9811,73.0711
"5702305",0,5,"[""trial654_prob3"",""trial654_prob1"",""trial654_prob2"",""trial654_pay2"",""trial654_pay3""]","[1596638113702,1596638115027,1596638116199,1596638119693,1596638122637]","[0.716,0.55,0.419]","[18.1,24.1,14.7]",1596638111293,"trial654_","phase0","[""-"",""-"",""-"",""-"",""-"",""-""]",2547.3999999999996,1596638124760,false,"trial654_1",2547.3999999999996,"cond1",12.9596,13.255000000000003,6.159299999999999,3.7885800000000005
"5702305",0,2,"[""trial605_prob3"",""trial605_prob2""]","[1596638129557,1596638131007]","[0.526,0.471,0.216]","[18.8,24.5,24.1]",1596638126570,"trial605_","phase0","[""-"",""-"",""-"",""-"",""-"",""-""]",2547.3999999999996,1596638132863,true,"trial605_2",2556.8599999999997,"cond1",9.888800000000002,11.539499999999999,5.2056000000000004,4.45566
"5702305",0,6,"[""trial457_prob3"",""trial457_prob1"",""trial457_prob2"",""trial457_pay1"",""trial457_pay3"",""trial457_pay2""]","[1596638136449,1596638137813,1596638139293,1596638141271,1596638142416,1596638143766]","[0.804,0.766,0.692]","[16.5,23.7,14]",1596638134560,"trial457_","phase0","[""-"",""-"",""-"",""-"",""-"",""-""]",2556.8599999999997,1596638147698,true,"trial457_1",2648.3599999999997,"cond1",13.266,18.1542,9.687999999999999,87.291
"6272224",0,2,"[""trial883_prob1"",""trial883_prob2"",""trial883_prob3"",""trial883_pay1"",""trial883_pay2"",""trial883_pay3""]","[1596640161523,1596640161548,1596640161562,1596640161572,1596640161581,1596640161590]","[0.452,0.514,0.2]","[25.7,20.3,21.7]",1596640161496,"trial883_","phase0","[""-"",""-"",""-"",""-"",""-"",""-""]",0,1596640166449,false,"trial883_1",0,"cond1",11.6164,10.4342,4.34,43.2564
"6272224",0,2,"[""trial583_prob1"",""trial583_prob2"",""trial583_prob3"",""trial583_pay1"",""trial583_pay2"",""trial583_pay3""]","[1596640167953,1596640167976,1596640167995,1596640168007,1596640168015,1596640168022]","[0.254,0.83,0.344]","[20.9,19.5,26.1]",1596640167938,"trial583_","phase0","[""-"",""-"",""-"",""-"",""-"",""-""]",0,1596640169498,false,"trial583_2",0,"cond1",5.308599999999999,16.185,8.9784,28.709999999999997
"6272224",0,1,"[""trial206_prob1"",""trial206_prob2"",""trial206_prob3"",""trial206_pay1"",""trial206_pay2"",""trial206_pay3""]","[1596640170910,1596640170918,1596640170924,1596640170930,1596640170935,1596640170939]","[0.515,0.671,0.251]","[27.1,21.7,27.7]",1596640170903,"trial206_","phase0","[""-"",""-"",""-"",""-"",""-"",""-""]",0,1596640172264,true,"trial206_2",51.7,"cond1",13.956500000000002,14.5607,6.9527,42.4457
"6272224",0,6,"[""trial538_prob1"",""trial538_prob2"",""trial538_prob3"",""trial538_pay1"",""trial538_pay2"",""trial538_pay3""]","[1596640173568,1596640173583,1596640173590,1596640173597,1596640173602,1596640173608]","[0.588,0.28,0.523]","[18.4,16.1,19.4]",1596640173554,"trial538_","phase0","[""-"",""-"",""-"",""-"",""-"",""-""]",51.7,1596640175050,true,"trial538_1",100.1,"cond1",10.819199999999999,4.508000000000001,10.1462,28.4592
"6272224",0,3,"[""trial394_prob1"",""trial394_prob2"",""trial394_prob3"",""trial394_pay1"",""trial394_pay2"",""trial394_pay3""]","[1596640176512,1596640176536,1596640176548,1596640176556,1596640176563,1596640176568]","[0.425,0.808,0.521]","[24.8,15.5,23.9]",1596640176492,"trial394_","phase0","[""-"",""-"",""-"",""-"",""-"",""-""]",100.1,1596640178201,false,"trial394_1",100.1,"cond1",10.54,12.524000000000001,12.4519,40.29
"6272224",0,4,"[""trial696_prob1"",""trial696_prob2"",""trial696_prob3"",""trial696_pay1"",""trial696_pay2"",""trial696_pay3""]","[1596640183338,1596640183348,1596640183357,1596640183363,1596640183367,1596640183372]","[0.334,0.161,0.526]","[20.6,17.7,23.3]",1596640183323,"trial696_","phase0","[""-"",""-"",""-"",""-"",""-"",""-""]",100.1,1596640184974,false,"trial696_3",100.1,"cond1",6.880400000000001,2.8497,12.2558,28.0358
"6272224",0,5,"[""trial807_prob1"",""trial807_prob2"",""trial807_prob3"",""trial807_pay1"",""trial807_pay2"",""trial807_pay3""]","[1596640186289,1596640186301,1596640186308,1596640186316,1596640186320,1596640186325]","[0.248,0.566,0.193]","[18.3,22.9,17.3]",1596640186274,"trial807_","phase0","[""-"",""-"",""-"",""-"",""-"",""-""]",100.1,1596640187597,true,"trial807_2",153,"cond1",4.5384,12.961399999999998,3.3389,29.941399999999998
"6272224",0,4,"[""trial567_prob1"",""trial567_prob2"",""trial567_prob3"",""trial567_pay1"",""trial567_pay2"",""trial567_pay3""]","[1596640188923,1596640188930,1596640188943,1596640188951,1596640188955,1596640188960]","[0.688,0.152,0.437]","[14.5,20.9,24.4]",1596640188915,"trial567_","phase0","[""-"",""-"",""-"",""-"",""-"",""-""]",153,1596640190220,false,"trial567_1",153,"cond1",9.975999999999999,3.1767999999999996,10.662799999999999,1.971
"6272224",0,4,"[""trial943_prob1"",""trial943_prob2"",""trial943_prob3"",""trial943_pay1"",""trial943_pay2"",""trial943_pay3""]","[1596640191439,1596640191453,1596640191462,1596640191470,1596640191475,1596640191480]","[0.282,0.665,0.23]","[22.7,17.6,24.2]",1596640191426,"trial943_","phase0","[""-"",""-"",""-"",""-"",""-"",""-""]",153,1596640192634,false,"trial943_3",153,"cond1",6.401399999999999,11.704000000000002,5.566,4.34684
"6272224",0,4,"[""trial788_prob1"",""trial788_prob2"",""trial788_prob3"",""trial788_pay1"",""trial788_pay2"",""trial788_pay3""]","[1596640193927,1596640193934,1596640193939,1596640193945,1596640193950,1596640193955]","[0.817,0.72,0.843]","[12.8,19.7,23.5]",1596640193919,"trial788_","phase0","[""-"",""-"",""-"",""-"",""-"",""-""]",153,1596640195192,false,"trial788_2",153,"cond1",10.4576,14.184,19.810499999999998,4.5684000000000005
"6272224",0,1,"[""trial267_prob1"",""trial267_prob2"",""trial267_prob3"",""trial267_pay1"",""trial267_pay2"",""trial267_pay3""]","[1596640196529,1596640196541,1596640196550,1596640196556,1596640196561,1596640196566]","[0.345,0.339,0.495]","[15.1,15.3,14.7]",1596640196514,"trial267_","phase0","[""-"",""-"",""-"",""-"",""-"",""-""]",153,1596640197743,false,"trial267_1",153,"cond1",5.209499999999999,5.186700000000001,7.2764999999999995,8.794500000000001
"6272224",0,6,"[""trial103_prob1"",""trial103_prob2"",""trial103_prob3"",""trial103_pay1"",""trial103_pay2"",""trial103_pay3""]","[1596640198886,1596640198891,1596640198895,1596640198900,1596640198904,1596640198907]","[0.252,0.156,0.261]","[23.4,23.8,15.9]",1596640198882,"trial103_","phase0","[""-"",""-"",""-"",""-"",""-"",""-""]",153,1596640200081,false,"trial103_3",153,"cond1",5.8968,3.7128,4.149900000000001,23.4549
"6272224",0,3,"[""trial683_prob1"",""trial683_prob2"",""trial683_prob3"",""trial683_pay1"",""trial683_pay2"",""trial683_pay3""]","[1596640201610,1596640201615,1596640201621,1596640201627,1596640201630,1596640201634]","[0.263,0.578,0.597]","[23,16.8,23.6]",1596640201605,"trial683_","phase0","[""-"",""-"",""-"",""-"",""-"",""-""]",153,1596640202902,false,"trial683_2",153,"cond1",6.049,9.7104,14.0892,27.050399999999996
"6272224",0,3,"[""trial973_prob1"",""trial973_prob2"",""trial973_prob3"",""trial973_pay1"",""trial973_pay2"",""trial973_pay3""]","[1596640204040,1596640204053,1596640204063,1596640204069,1596640204074,1596640204078]","[0.732,0.168,0.567]","[18.9,26.1,15.5]",1596640204024,"trial973_","phase0","[""-"",""-"",""-"",""-"",""-"",""-""]",153,1596640205237,true,"trial973_1",201.9,"cond1",13.8348,4.3848,8.788499999999999,43.129799999999996
"6272224",0,4,"[""trial848_prob1"",""trial848_prob2"",""trial848_prob3"",""trial848_pay1"",""trial848_pay2"",""trial848_pay3""]","[1596640206360,1596640206372,1596640206379,1596640206386,1596640206391,1596640206393]","[0.751,0.726,0.502]","[22.8,26,24.3]",1596640206345,"trial848_","phase0","[""-"",""-"",""-"",""-"",""-"",""-""]",201.9,1596640207611,true,"trial848_1",294.7,"cond1",17.1228,18.875999999999998,12.1986,46.492799999999995
"6272224",0,5,"[""trial532_prob1"",""trial532_prob2"",""trial532_prob3"",""trial532_pay1"",""trial532_pay2"",""trial532_pay3""]","[1596640208864,1596640208890,1596640208915,1596640208936,1596640208945,1596640208952]","[0.264,0.716,0.308]","[15.5,17.7,14.7]",1596640208839,"trial532_","phase0","[""-"",""-"",""-"",""-"",""-"",""-""]",294.7,1596640210097,true,"trial532_1",385.2,"cond1",4.0920000000000005,12.6732,4.5276,46.517
"6272224",0,2,"[""trial816_prob1"",""trial816_prob2"",""trial816_prob3"",""trial816_pay1"",""trial816_pay2"",""trial816_pay3""]","[1596640211404,1596640211415,1596640211421,1596640211427,1596640211432,1596640211437]","[0.231,0.72,0.71]","[24.7,26.4,18.3]",1596640211389,"trial816_","phase0","[""-"",""-"",""-"",""-"",""-"",""-""]",385.2,1596640212776,true,"trial816_2",481.6,"cond1",5.7057,19.008,12.993,83.86800000000001
"6272224",0,2,"[""trial774_prob1"",""trial774_prob2"",""trial774_prob3"",""trial774_pay1"",""trial774_pay2"",""trial774_pay3""]","[1596640215013,1596640215027,1596640215034,1596640215042,1596640215046,1596640215051]","[0.505,0.776,0.668]","[10.7,13.3,22.7]",1596640214998,"trial774_","phase0","[""-"",""-"",""-"",""-"",""-"",""-""]",481.6,1596640216125,true,"trial774_3",534.3000000000001,"cond1",5.403499999999999,10.3208,15.1636,43.1086
"6272224",0,6,"[""trial742_prob1"",""trial742_prob2"",""trial742_prob3"",""trial742_pay1"",""trial742_pay2"",""trial742_pay3""]","[1596640217505,1596640217519,1596640217528,1596640217535,1596640217540,1596640217544]","[0.662,0.816,0.327]","[19.1,15.2,15]",1596640217492,"trial742_","phase0","[""-"",""-"",""-"",""-"",""-"",""-""]",534.3000000000001,1596640218736,true,"trial742_2",579.5000000000001,"cond1",12.644200000000001,12.403199999999998,4.905,43.6632
"6272224",0,2,"[""trial990_prob1"",""trial990_prob2"",""trial990_prob3"",""trial990_pay1"",""trial990_pay2"",""trial990_pay3""]","[1596640220127,1596640220142,1596640220155,1596640220162,1596640220168,1596640220173]","[0.538,0.784,0.285]","[17.4,11.4,15.1]",1596640220113,"trial990_","phase0","[""-"",""-"",""-"",""-"",""-"",""-""]",579.5000000000001,1596640222044,true,"trial990_1",626.9000000000001,"cond1",9.3612,8.9376,4.3035,25.5012
"6272224",0,4,"[""trial985_prob1"",""trial985_prob2"",""trial985_prob3"",""trial985_pay1"",""trial985_pay2"",""trial985_pay3""]","[1596640223337,1596640223348,1596640223356,1596640223362,1596640223367,1596640223372]","[0.409,0.202,0.849]","[24.5,26.5,18.1]",1596640223322,"trial985_","phase0","[""-"",""-"",""-"",""-"",""-"",""-""]",626.9000000000001,1596640224530,true,"trial985_2",723.4000000000001,"cond1",10.0205,5.353000000000001,15.366900000000001,43.618
"6272224",0,1,"[""trial845_prob1"",""trial845_prob2"",""trial845_prob3"",""trial845_pay1"",""trial845_pay2"",""trial845_pay3""]","[1596640225869,1596640225879,1596640225886,1596640225894,1596640225899,1596640225904]","[0.189,0.562,0.735]","[24.2,21.3,16.7]",1596640225855,"trial845_","phase0","[""-"",""-"",""-"",""-"",""-"",""-""]",723.4000000000001,1596640227105,false,"trial845_2",723.4000000000001,"cond1",4.5738,11.970600000000001,12.2745,3.54622
"6272224",0,2,"[""trial510_prob1"",""trial510_prob2"",""trial510_prob3"",""trial510_pay1"",""trial510_pay2"",""trial510_pay3""]","[1596640228457,1596640228472,1596640228484,1596640228490,1596640228493,1596640228498]","[0.518,0.242,0.725]","[22,13,29.4]",1596640228444,"trial510_","phase0","[""-"",""-"",""-"",""-"",""-"",""-""]",723.4000000000001,1596640236206,true,"trial510_3",822.8000000000001,"cond1",11.396,3.146,21.314999999999998,47.215
"6272224",0,4,"[""trial539_prob1"",""trial539_prob2"",""trial539_prob3"",""trial539_pay1"",""trial539_pay2"",""trial539_pay3""]","[1596640237881,1596640237887,1596640237893,1596640237900,1596640237906,1596640237910]","[0.503,0.708,0.7]","[16.4,21.4,22.2]",1596640237876,"trial539_","phase0","[""-"",""-"",""-"",""-"",""-"",""-""]",822.8000000000001,1596640239092,false,"trial539_1",822.8000000000001,"cond1",8.2492,15.151199999999998,15.54,23.339199999999998
"6272224",0,5,"[""trial786_prob1"",""trial786_prob2"",""trial786_prob3"",""trial786_pay1"",""trial786_pay2"",""trial786_pay3""]","[1596640240390,1596640240397,1596640240404,1596640240410,1596640240415,1596640240419]","[0.189,0.349,0.476]","[25.3,19.6,16.3]",1596640240383,"trial786_","phase0","[""-"",""-"",""-"",""-"",""-"",""-""]",822.8000000000001,1596640242058,false,"trial786_1",822.8000000000001,"cond1",4.7817,6.8404,7.7588,41.8367
"6272224",0,5,"[""trial682_prob2"",""trial682_prob3"",""trial682_prob1"",""trial682_pay1"",""trial682_pay2""]","[1596640251371,1596640253174,1596640254720,1596640256370,1596640257798]","[0.714,0.537,0.433]","[15.5,26.9,15.7]",1596640249566,"trial682_","phase0","[""-"",""-"",""-"",""-"",""-"",""-""]",822.8000000000001,1596640260189,true,"trial682_2",919.7,"cond1",11.067,14.4453,6.7981,52.03530000000001
"6272224",0,3,"[""trial933_pay3"",""trial933_prob3"",""trial933_prob2""]","[1596640264850,1596640265791,1596640267282]","[0.453,0.84,0.229]","[29.7,19.5,19.5]",1596640261834,"trial933_","phase0","[""-"",""-"",""-"",""-"",""-"",""-""]",919.7,1596640268159,true,"trial933_2",969.2,"cond1",13.4541,16.38,4.4655000000000005,29.205
"6272224",0,3,"[""trial785_pay3"",""trial785_prob3"",""trial785_prob2""]","[1596640274925,1596640275669,1596640278205]","[0.792,0.311,0.765]","[26.1,24.4,24.1]",1596640269509,"trial785_","phase0","[""-"",""-"",""-"",""-"",""-"",""-""]",969.2,1596640279254,true,"trial785_3",1063.3,"cond1",20.671200000000002,7.588399999999999,18.436500000000002,86.1015
"6272224",0,5,"[""trial366_pay2"",""trial366_prob2"",""trial366_prob1"",""trial366_pay1"",""trial366_pay3""]","[1596640281761,1596640283677,1596640285079,1596640286016,1596640287537]","[0.211,0.816,0.171]","[13,20.6,27.6]",1596640280663,"trial366_","phase0","[""-"",""-"",""-"",""-"",""-"",""-""]",1063.3,1596640290059,false,"trial366_3",1063.3,"cond1",2.743,16.8096,4.719600000000001,41.0896
"6272224",0,6,"[""trial997_prob2"",""trial997_pay2"",""trial997_pay3"",""trial997_prob3"",""trial997_prob1"",""trial997_pay1""]","[1596640292995,1596640294031,1596640295240,1596640295977,1596640297277,1596640298158]","[0.555,0.197,0.805]","[19.9,15.9,24.8]",1596640291645,"trial997_","phase0","[""-"",""-"",""-"",""-"",""-"",""-""]",1063.3,1596640300477,true,"trial997_1",1158.2,"cond1",11.0445,3.1323000000000003,19.964000000000002,52.669500000000006
"6272224",0,4,"[""trial492_pay3"",""trial492_prob3"",""trial492_prob1"",""trial492_prob2""]","[1596640303663,1596640304349,1596640305592,1596640306967]","[0.848,0.792,0.207]","[19.6,23.3,16.4]",1596640302613,"trial492_","phase0","[""-"",""-"",""-"",""-"",""-"",""-""]",1158.2,1596640311395,true,"trial492_1",1207.8,"cond1",16.6208,18.4536,3.3947999999999996,49.5008
"6272224",0,1,"[""trial99_prob2""]","[1596640314894]","[0.494,0.733,0.205]","[11.8,20.1,20.9]",1596640313080,"trial99_","phase0","[""-"",""-"",""-"",""-"",""-"",""-""]",1207.8,1596640316887,true,"trial99_2",1302.8999999999999,"cond1",5.8292,14.733300000000002,4.2844999999999995,83.9733
"6272224",0,1,"[""trial120_prob2""]","[1596640319883]","[0.752,0.6,0.249]","[17.6,17.9,16]",1596640318424,"trial120_","phase0","[""-"",""-"",""-"",""-"",""-"",""-""]",1302.8999999999999,1596640320904,true,"trial120_2",1310.78,"cond1",13.2352,10.739999999999998,3.984,4.728
"6272224",0,4,"[""trial225_prob3"",""trial225_prob2"",""trial225_prob1"",""trial225_pay1""]","[1596640324454,1596640326167,1596640327357,1596640328391]","[0.45,0.724,0.459]","[18.9,19.9,24.7]",1596640322362,"trial225_","phase0","[""-"",""-"",""-"",""-"",""-"",""-""]",1310.78,1596640331091,true,"trial225_1",1359.68,"cond1",8.504999999999999,14.407599999999999,11.3373,22.005
"6272224",0,6,"[""trial597_prob2"",""trial597_pay2"",""trial597_pay3"",""trial597_prob3"",""trial597_prob1"",""trial597_pay1""]","[1596640334566,1596640335271,1596640336648,1596640337395,1596640338460,1596640339292]","[0.183,0.656,0.206]","[11,24.4,17.2]",1596640332988,"trial597_","phase0","[""-"",""-"",""-"",""-"",""-"",""-""]",1359.68,1596640342169,false,"trial597_1",1359.68,"cond1",2.013,16.0064,3.5431999999999997,0.0322725
"6272224",0,3,"[""trial818_prob2"",""trial818_prob3"",""trial818_prob1""]","[1596640344799,1596640346579,1596640347664]","[0.226,0.683,0.575]","[15.1,20.4,18]",1596640343519,"trial818_","phase0","[""-"",""-"",""-"",""-"",""-"",""-""]",1359.68,1596640349486,false,"trial818_1",1359.68,"cond1",3.4126,13.9332,10.35,21.4676
"6272224",0,4,"[""trial177_prob2"",""trial177_pay2"",""trial177_pay3"",""trial177_prob3"",""trial177_prob1""]","[1596640352078,1596640353255,1596640354343,1596640355109,1596640356269]","[0.48,0.748,0.253]","[15,13.1,22.9]",1596640350947,"trial177_","phase0","[""-"",""-"",""-"",""-"",""-"",""-""]",1359.68,1596640358754,false,"trial177_1",1359.68,"cond1",7.199999999999999,9.7988,5.793699999999999,21.599999999999998
"6272224",0,2,"[""trial527_prob2"",""trial527_pay2""]","[1596640361613,1596640362520]","[0.691,0.269,0.762]","[29.2,20.7,24]",1596640360099,"trial527_","phase0","[""-"",""-"",""-"",""-"",""-"",""-""]",1359.68,1596640363483,false,"trial527_2",1359.68,"cond1",20.1772,5.5683,18.288,10.7933
"6272224",0,5,"[""trial514_pay3"",""trial514_prob3"",""trial514_prob1"",""trial514_pay1"",""trial514_prob2""]","[1596640365963,1596640366679,1596640367698,1596640369573,1596640370836]","[0.233,0.747,0.792]","[18.5,18.2,18.5]",1596640364785,"trial514_","phase0","[""-"",""-"",""-"",""-"",""-"",""-""]",1359.68,1596640372195,true,"trial514_2",1407.88,"cond1",4.3105,13.5954,14.652000000000001,43.235400000000006
"6272224",0,1,"[""trial55_pay3"",""trial55_prob3""]","[1596640375016,1596640376844]","[0.838,0.83,0.678]","[17.9,23.7,18.5]",1596640373608,"trial55_","phase0","[""-"",""-"",""-"",""-"",""-"",""-""]",1407.88,1596640379810,false,"trial55_1",1407.88,"cond1",15.000199999999998,19.671,12.543000000000001,1.7287199999999998
"6272224",0,1,"[""trial501_prob2""]","[1596640382489]","[0.19,0.824,0.198]","[24.5,22,11.7]",1596640381153,"trial501_","phase0","[""-"",""-"",""-"",""-"",""-"",""-""]",1407.88,1596640383394,true,"trial501_2",1459.88,"cond1",4.655,18.128,2.3165999999999998,29.848
"6272224",0,3,"[""trial231_prob2"",""trial231_pay3"",""trial231_prob3""]","[1596640386076,1596640387010,1596640387783]","[0.481,0.728,0.712]","[23.1,19,19.3]",1596640384734,"trial231_","phase0","[""-"",""-"",""-"",""-"",""-"",""-""]",1459.88,1596640388706,true,"trial231_3",1469.21,"cond1",11.1111,13.831999999999999,13.7416,4.31046
"6272224",0,6,"[""trial991_prob2"",""trial991_pay2"",""trial991_pay3"",""trial991_prob3"",""trial991_prob1"",""trial991_pay1""]","[1596640391386,1596640392293,1596640393792,1596640394539,1596640395580,1596640397065]","[0.54,0.203,0.568]","[26.3,24.8,15.9]",1596640390091,"trial991_","phase0","[""-"",""-"",""-"",""-"",""-"",""-""]",1469.21,1596640397987,false,"trial991_1",1469.21,"cond1",14.202000000000002,5.034400000000001,9.0312,52.002
"6272224",0,5,"[""trial420_prob2"",""trial420_pay2"",""trial420_pay3"",""trial420_prob3"",""trial420_prob1""]","[1596640400480,1596640401275,1596640402407,1596640403333,1596640404568]","[0.554,0.24,0.175]","[26.4,15.2,15]",1596640399173,"trial420_","phase0","[""-"",""-"",""-"",""-"",""-"",""-""]",1469.21,1596640406090,false,"trial420_1",1469.21,"cond1",14.6256,3.6479999999999997,2.625,53.40560000000001
"6272224",0,2,"[""trial170_prob2"",""trial170_pay2""]","[1596640408940,1596640409707]","[0.779,0.766,0.696]","[25.5,17.2,27.3]",1596640407835,"trial170_","phase0","[""-"",""-"",""-"",""-"",""-"",""-""]",1469.21,1596640410749,false,"trial170_2",1469.21,"cond1",19.8645,13.1752,19.000799999999998,3.7100400000000002
"6272224",0,4,"[""trial860_pay3"",""trial860_pay1"",""trial860_prob2"",""trial860_prob1""]","[1596640413393,1596640414483,1596640415382,1596640416515]","[0.837,0.796,0.329]","[23.2,18,17.1]",1596640412170,"trial860_","phase0","[""-"",""-"",""-"",""-"",""-"",""-""]",1469.21,1596640417787,true,"trial860_1",1562.41,"cond1",19.4184,14.328000000000001,5.625900000000001,91.9884
"6272224",0,5,"[""trial736_pay3"",""trial736_prob1"",""trial736_pay1"",""trial736_prob2"",""trial736_prob3""]","[1596640420454,1596640421483,1596640422287,1596640423259,1596640424338]","[0.694,0.446,0.827]","[24.8,22.3,16.5]",1596640419266,"trial736_","phase0","[""-"",""-"",""-"",""-"",""-"",""-""]",1562.41,1596640427541,false,"trial736_1",1562.41,"cond1",17.211199999999998,9.9458,13.645499999999998,46.2512
"6272224",0,6,"[""trial319_prob3"",""trial319_pay3"",""trial319_prob2"",""trial319_prob1"",""trial319_pay1"",""trial319_pay2""]","[1596640430071,1596640431140,1596640432240,1596640433226,1596640434083,1596640435916]","[0.205,0.241,0.53]","[16.5,21.2,19.6]",1596640428641,"trial319_","phase0","[""-"",""-"",""-"",""-"",""-"",""-""]",1562.41,1596640437499,true,"trial319_3",1612.01,"cond1",3.3825,5.1091999999999995,10.388000000000002,26.288000000000004
"6272224",0,5,"[""trial378_prob3"",""trial378_prob2"",""trial378_prob1"",""trial378_pay2"",""trial378_pay1""]","[1596640440452,1596640441617,1596640442775,1596640444506,1596640445967]","[0.404,0.55,0.153]","[21.1,17.6,10.5]",1596640438835,"trial378_","phase0","[""-"",""-"",""-"",""-"",""-"",""-""]",1612.01,1596640447204,false,"trial378_1",1612.01,"cond1",8.524400000000002,9.680000000000001,1.6065,20.6444
"6272224",0,5,"[""trial775_pay1"",""trial775_prob1"",""trial775_prob2"",""trial775_pay2"",""trial775_pay3"",""trial775_prob3""]","[1596640449920,1596640450857,1596640451960,1596640452878,1596640454422,1596640455515]","[0.708,0.699,0.672]","[15.3,15.4,22]",1596640448486,"trial775_","phase0","[""-"",""-"",""-"",""-"",""-"",""-""]",1612.01,1596640459179,true,"trial775_1",1657.31,"cond1",10.8324,10.7646,14.784,20.7474
"6272224",0,4,"[""trial938_prob3"",""trial938_prob2"",""trial938_prob1"",""trial938_pay1""]","[1596640463373,1596640464861,1596640466113,1596640468443]","[0.784,0.326,0.179]","[23.9,19.2,21.8]",1596640460528,"trial938_","phase0","[""-"",""-"",""-"",""-"",""-"",""-""]",1657.31,1596640469890,true,"trial938_1",1751.21,"cond1",18.7376,6.2592,3.9022,87.7026
"6272224",0,2,"[""trial824_prob3"",""trial824_prob1"",""trial824_prob2""]","[1596640473352,1596640474711,1596640476418]","[0.247,0.253,0.219]","[13,21.3,22.9]",1596640471263,"trial824_","phase0","[""-"",""-"",""-"",""-"",""-"",""-""]",1751.21,1596640479240,false,"trial824_3",1751.21,"cond1",3.211,5.3889000000000005,5.0150999999999994,24.8101
"6272224",0,1,"[""trial920_pay3""]","[1596640482221]","[0.182,0.33,0.775]","[23.1,22,14.9]",1596640480505,"trial920_","phase0","[""-"",""-"",""-"",""-"",""-"",""-""]",1751.21,1596640484221,false,"trial920_2",1751.21,"cond1",4.2042,7.260000000000001,11.547500000000001,17.46
"6272224",0,1,"[""trial661_prob3""]","[1596640487965]","[0.3,0.234,0.462]","[18.6,15.6,14.8]",1596640485649,"trial661_","phase0","[""-"",""-"",""-"",""-"",""-"",""-""]",1751.21,1596640489593,false,"trial661_3",1751.21,"cond1",5.58,3.6504000000000003,6.837600000000001,2.23608
"6272224",0,6,"[""trial963_prob3"",""trial963_prob1"",""trial963_pay3"",""trial963_pay1"",""trial963_prob2"",""trial963_pay2""]","[1596640492897,1596640493862,1596640494836,1596640495978,1596640496949,1596640497845]","[0.659,0.462,0.757]","[16.5,13.5,22.5]",1596640490973,"trial963_","phase0","[""-"",""-"",""-"",""-"",""-"",""-""]",1751.21,1596640499564,false,"trial963_2",1751.21,"cond1",10.8735,6.237,17.0325,1.5985200000000002
"1753979",0,2,"[""trial500_prob1"",""trial500_prob2"",""trial500_prob3"",""trial500_pay1"",""trial500_pay2"",""trial500_pay3""]","[1596717412698,1596717412700,1596717412702,1596717412704,1596717412705,1596717412707]","[0.83,0.543,0.986]","[48.6,9.51,90.3]",1596717412694,"trial500_","phase0","[""-"",""-"",""-"",""-"",""-"",""-""]",0,1596717420474,true,"trial500_3",90.3,"cond2",40.338,5.163930000000001,89.0358,89.0358
"1753979",0,4,"[""trial614_prob1"",""trial614_prob2"",""trial614_prob3"",""trial614_pay1"",""trial614_pay2"",""trial614_pay3""]","[1596717422396,1596717422400,1596717422405,1596717422410,1596717422414,1596717422419]","[0.548,0.514,0.494]","[47.5,2.82,97.5]",1596717422392,"trial614_","phase0","[""-"",""-"",""-"",""-"",""-"",""-""]",90.3,1596717435076,false,"trial614_3",90.3,"cond2",26.03,1.4494799999999999,48.165,48.165
"1753979",0,4,"[""trial821_prob1"",""trial821_prob2"",""trial821_prob3"",""trial821_pay1"",""trial821_pay2"",""trial821_pay3""]","[1596717436457,1596717436462,1596717436468,1596717436473,1596717436478,1596717436483]","[0.478,0.965,0.463]","[5.43,93.2,0.256]",1596717436449,"trial821_","phase0","[""-"",""-"",""-"",""-"",""-"",""-""]",90.3,1596717440602,true,"trial821_2",183.5,"cond2",2.5955399999999997,89.938,0.11852800000000001,89.938
"1753979",0,2,"[""trial316_prob1"",""trial316_prob2"",""trial316_prob3"",""trial316_pay1"",""trial316_pay2"",""trial316_pay3""]","[1596717441663,1596717441667,1596717441671,1596717441676,1596717441681,1596717441686]","[0.554,0.46,0.819]","[48.6,53.5,9.2]",1596717441659,"trial316_","phase0","[""-"",""-"",""-"",""-"",""-"",""-""]",183.5,1596717446808,true,"trial316_3",192.7,"cond2",26.924400000000002,24.61,7.534799999999999,7.534799999999999
"1753979",0,1,"[""trial160_prob1"",""trial160_prob2"",""trial160_prob3"",""trial160_pay1"",""trial160_pay2"",""trial160_pay3""]","[1596717447920,1596717447929,1596717447936,1596717447942,1596717447947,1596717447953]","[0.000972,0.599,0.878]","[54.4,99.2,98.7]",1596717447912,"trial160_","phase0","[""-"",""-"",""-"",""-"",""-"",""-""]",192.7,1596717450719,true,"trial160_3",291.4,"cond2",0.0528768,59.4208,86.6586,86.6586
"1753979",0,2,"[""trial5_prob1"",""trial5_prob2"",""trial5_prob3"",""trial5_pay1"",""trial5_pay2"",""trial5_pay3""]","[1596717453071,1596717453073,1596717453075,1596717453078,1596717453079,1596717453081]","[0.0084,0.0355,0.453]","[5.88,4.53,47.5]",1596717453069,"trial5_","phase0","[""-"",""-"",""-"",""-"",""-"",""-""]",291.4,1596717457295,true,"trial5_3",338.9,"cond2",0.049392,0.16081499999999999,21.517500000000002,21.517500000000002
"1753979",0,5,"[""trial980_prob1"",""trial980_prob2"",""trial980_prob3"",""trial980_pay1"",""trial980_pay2"",""trial980_pay3""]","[1596717458284,1596717458289,1596717458294,1596717458299,1596717458303,1596717458308]","[0.117,0.504,0.525]","[99.8,94.8,93]",1596717458276,"trial980_","phase0","[""-"",""-"",""-"",""-"",""-"",""-""]",338.9,1596717461305,false,"trial980_3",338.9,"cond2",11.6766,47.779199999999996,48.825,48.825
"1753979",0,3,"[""trial148_prob1"",""trial148_prob2"",""trial148_prob3"",""trial148_pay1"",""trial148_pay2"",""trial148_pay3""]","[1596717462204,1596717462210,1596717462214,1596717462220,1596717462224,1596717462229]","[0.136,0.85,0.147]","[53.6,95.7,97.3]",1596717462197,"trial148_","phase0","[""-"",""-"",""-"",""-"",""-"",""-""]",338.9,1596717466203,false,"trial148_3",338.9,"cond2",7.289600000000001,81.345,14.303099999999999,14.303099999999999
"1753979",0,3,"[""trial394_prob1"",""trial394_prob2"",""trial394_prob3"",""trial394_pay1"",""trial394_pay2"",""trial394_pay3""]","[1596717467234,1596717467239,1596717467245,1596717467250,1596717467255,1596717467260]","[0.425,0.958,0.521]","[94.8,45.5,93.9]",1596717467226,"trial394_","phase0","[""-"",""-"",""-"",""-"",""-"",""-""]",338.9,1596717469685,true,"trial394_2",384.4,"cond2",40.29,43.589,48.92190000000001,43.589
"1753979",0,1,"[""trial267_prob1"",""trial267_prob2"",""trial267_prob3"",""trial267_pay1"",""trial267_pay2"",""trial267_pay3""]","[1596717471400,1596717471404,1596717471409,1596717471415,1596717471420,1596717471425]","[0.195,0.189,0.495]","[45.1,5.35,4.68]",1596717471393,"trial267_","phase0","[""-"",""-"",""-"",""-"",""-"",""-""]",384.4,1596717473514,false,"trial267_3",384.4,"cond2",8.794500000000001,1.01115,2.3165999999999998,2.3165999999999998
"1753979",0,5,"[""trial782_prob1"",""trial782_prob2"",""trial782_prob3"",""trial782_pay1"",""trial782_pay2"",""trial782_pay3""]","[1596717474708,1596717474714,1596717474720,1596717474726,1596717474731,1596717474736]","[0.0751,0.496,0.567]","[96.9,99.6,50.6]",1596717474701,"trial782_","phase0","[""-"",""-"",""-"",""-"",""-"",""-""]",384.4,1596717477266,false,"trial782_3",384.4,"cond2",7.27719,49.401599999999995,28.690199999999997,28.690199999999997
"1753979",0,1,"[""trial720_prob1"",""trial720_prob2"",""trial720_prob3"",""trial720_pay1"",""trial720_pay2"",""trial720_pay3""]","[1596717478450,1596717478456,1596717478461,1596717478468,1596717478470,1596717478475]","[0.986,0.418,0.548]","[53,1.91,9.54]",1596717478443,"trial720_","phase0","[""-"",""-"",""-"",""-"",""-"",""-""]",384.4,1596717480687,true,"trial720_1",437.4,"cond2",52.258,0.79838,5.22792,52.258
"1753979",0,5,"[""trial784_prob1"",""trial784_prob2"",""trial784_prob3"",""trial784_pay1"",""trial784_pay2"",""trial784_pay3""]","[1596717482061,1596717482066,1596717482072,1596717482079,1596717482084,1596717482088]","[0.124,0.823,0.489]","[1.77,6.8,91.8]",1596717482053,"trial784_","phase0","[""-"",""-"",""-"",""-"",""-"",""-""]",437.4,1596717483985,true,"trial784_2",444.2,"cond2",0.21948,5.596399999999999,44.8902,5.596399999999999
"1753979",0,1,"[""trial669_prob1"",""trial669_prob2"",""trial669_prob3"",""trial669_pay1"",""trial669_pay2"",""trial669_pay3""]","[1596717484941,1596717484945,1596717484950,1596717484955,1596717484959,1596717484964]","[0.514,0.171,0.491]","[95.1,8.84,51.9]",1596717484934,"trial669_","phase0","[""-"",""-"",""-"",""-"",""-"",""-""]",444.2,1596717487638,false,"trial669_1",444.2,"cond2",48.8814,1.51164,25.482899999999997,48.8814
"1753979",0,2,"[""trial144_prob1"",""trial144_prob2"",""trial144_prob3"",""trial144_pay1"",""trial144_pay2"",""trial144_pay3""]","[1596717488618,1596717488623,1596717488628,1596717488634,1596717488637,1596717488642]","[0.495,0.141,0.437]","[94,53.2,2.01]",1596717488611,"trial144_","phase0","[""-"",""-"",""-"",""-"",""-"",""-""]",444.2,1596717490580,true,"trial144_1",538.2,"cond2",46.53,7.5012,0.8783699999999999,46.53
"1753979",0,1,"[""trial295_prob1"",""trial295_prob2"",""trial295_prob3"",""trial295_pay1"",""trial295_pay2"",""trial295_pay3""]","[1596717491550,1596717491557,1596717491562,1596717491568,1596717491573,1596717491579]","[0.0653,0.544,0.543]","[92.2,6.45,46.2]",1596717491544,"trial295_","phase0","[""-"",""-"",""-"",""-"",""-"",""-""]",538.2,1596717493595,true,"trial295_2",544.6500000000001,"cond2",6.02066,3.5088000000000004,25.086600000000004,3.5088000000000004
"1753979",0,3,"[""trial694_prob1"",""trial694_prob2"",""trial694_prob3"",""trial694_pay1"",""trial694_pay2"",""trial694_pay3""]","[1596717495202,1596717495209,1596717495214,1596717495220,1596717495225,1596717495228]","[0.00723,0.58,0.887]","[93.8,50,8.23]",1596717495194,"trial694_","phase0","[""-"",""-"",""-"",""-"",""-"",""-""]",544.6500000000001,1596717497169,true,"trial694_3",552.8800000000001,"cond2",0.678174,28.999999999999996,7.30001,7.30001
"1753979",0,6,"[""trial963_prob1"",""trial963_prob2"",""trial963_prob3"",""trial963_pay1"",""trial963_pay2"",""trial963_pay3""]","[1596717498039,1596717498043,1596717498047,1596717498052,1596717498056,1596717498060]","[0.409,0.462,0.507]","[46.5,3.46,52.5]",1596717498034,"trial963_","phase0","[""-"",""-"",""-"",""-"",""-"",""-""]",552.8800000000001,1596717500513,false,"trial963_3",552.8800000000001,"cond2",19.0185,1.5985200000000002,26.6175,26.6175
"1753979",0,4,"[""trial212_prob1"",""trial212_prob2"",""trial212_prob3"",""trial212_pay1"",""trial212_pay2"",""trial212_pay3""]","[1596717501981,1596717501986,1596717501991,1596717501997,1596717502002,1596717502007]","[0.582,0.962,0.593]","[90.2,9.27,8.08]",1596717501974,"trial212_","phase0","[""-"",""-"",""-"",""-"",""-"",""-""]",552.8800000000001,1596717504009,true,"trial212_2",562.1500000000001,"cond2",52.4964,8.917739999999998,4.79144,8.917739999999998
"1753979",0,2,"[""trial285_prob1"",""trial285_prob2"",""trial285_prob3"",""trial285_pay1"",""trial285_pay2"",""trial285_pay3""]","[1596717504938,1596717504943,1596717504949,1596717504956,1596717504960,1596717504965]","[0.838,0.907,0.183]","[48.7,98.6,54.8]",1596717504931,"trial285_","phase0","[""-"",""-"",""-"",""-"",""-"",""-""]",562.1500000000001,1596717508855,true,"trial285_2",660.7500000000001,"cond2",40.8106,89.4302,10.0284,89.4302
"1753979",0,1,"[""trial258_prob1"",""trial258_prob2"",""trial258_prob3"",""trial258_pay1"",""trial258_pay2"",""trial258_pay3""]","[1596717509915,1596717509920,1596717509926,1596717509932,1596717509937,1596717509942]","[0.527,0.548,0.582]","[3.65,4.84,8.01]",1596717509907,"trial258_","phase0","[""-"",""-"",""-"",""-"",""-"",""-""]",660.7500000000001,1596717512797,true,"trial258_3",668.7600000000001,"cond2",1.92355,2.65232,4.66182,4.66182
"1753979",0,4,"[""trial487_prob1"",""trial487_prob2"",""trial487_prob3"",""trial487_pay1"",""trial487_pay2"",""trial487_pay3""]","[1596717513857,1596717513862,1596717513867,1596717513873,1596717513878,1596717513884]","[0.421,0.535,0.148]","[49.4,3.38,50]",1596717513851,"trial487_","phase0","[""-"",""-"",""-"",""-"",""-"",""-""]",668.7600000000001,1596717516179,false,"trial487_2",668.7600000000001,"cond2",20.7974,1.8083,7.3999999999999995,1.8083
"1753979",0,2,"[""trial627_prob1"",""trial627_prob2"",""trial627_prob3"",""trial627_pay1"",""trial627_pay2"",""trial627_pay3""]","[1596717517153,1596717517158,1596717517164,1596717517170,1596717517175,1596717517180]","[0.108,0.957,0.538]","[91.9,91.6,48.3]",1596717517145,"trial627_","phase0","[""-"",""-"",""-"",""-"",""-"",""-""]",668.7600000000001,1596717518948,true,"trial627_2",760.3600000000001,"cond2",9.9252,87.6612,25.9854,87.6612
"1753979",0,3,"[""trial383_prob1"",""trial383_prob2"",""trial383_prob3"",""trial383_pay1"",""trial383_pay2"",""trial383_pay3""]","[1596717519802,1596717519807,1596717519811,1596717519816,1596717519820,1596717519825]","[0.472,0.41,0.509]","[52.1,93.7,97.8]",1596717519796,"trial383_","phase0","[""-"",""-"",""-"",""-"",""-"",""-""]",760.3600000000001,1596717522296,true,"trial383_3",858.1600000000001,"cond2",24.5912,38.417,49.7802,49.7802
"1753979",0,2,"[""trial306_prob1"",""trial306_prob2"",""trial306_prob3"",""trial306_pay1"",""trial306_pay2"",""trial306_pay3""]","[1596717523286,1596717523292,1596717523297,1596717523303,1596717523309,1596717523314]","[0.103,0.432,0.405]","[8.79,46.4,51.5]",1596717523279,"trial306_","phase0","[""-"",""-"",""-"",""-"",""-"",""-""]",858.1600000000001,1596717525866,true,"trial306_2",904.5600000000001,"cond2",0.9053699999999999,20.0448,20.8575,20.0448
"1753979",0,5,"[""trial511_prob1"",""trial511_prob3"",""trial511_prob2"",""trial511_pay2"",""trial511_pay3""]","[1596717533497,1596717537622,1596717538905,1596717542679,1596717551979]","[0.162,0.587,0.523]","[2.95,99.6,4.98]",1596717527713,"trial511_","phase0","[""-"",""-"",""-"",""-"",""-"",""-""]",904.5600000000001,1596717553112,false,"trial511_2",904.5600000000001,"cond2",0.47790000000000005,58.465199999999996,2.6045400000000005,58.465199999999996
"1753979",0,2,"[""trial170_prob3"",""trial170_prob2"",""trial170_prob1""]","[1596717555794,1596717557272,1596717558464]","[0.929,0.516,0.846]","[95.5,7.19,97.3]",1596717554103,"trial170_","phase0","[""-"",""-"",""-"",""-"",""-"",""-""]",904.5600000000001,1596717561298,true,"trial170_3",1001.86,"cond2",88.71950000000001,3.7100400000000002,82.3158,82.3158
"1753979",0,2,"[""trial43_prob3"",""trial43_prob1"",""trial43_prob2""]","[1596717563985,1596717565184,1596717566311]","[0.187,0.195,0.513]","[53.1,53.3,95.3]",1596717562435,"trial43_","phase0","[""-"",""-"",""-"",""-"",""-"",""-""]",1001.86,1596717568622,true,"trial43_3",1097.16,"cond2",9.9297,10.3935,48.8889,48.8889
"1753979",0,1,"[""trial280_prob3"",""trial280_prob2""]","[1596717573358,1596717574394]","[0.538,0.424,0.164]","[7.41,5.05,96.3]",1596717569505,"trial280_","phase0","[""-"",""-"",""-"",""-"",""-"",""-""]",1097.16,1596717576380,false,"trial280_2",1097.16,"cond2",3.9865800000000005,2.1412,15.7932,2.1412
"1753979",0,4,"[""trial185_prob2"",""trial185_prob3"",""trial185_prob1"",""trial185_pay1""]","[1596717578479,1596717580645,1596717581682,1596717582662]","[0.541,0.0627,0.0695]","[9.39,50.8,90.8]",1596717577515,"trial185_","phase0","[""-"",""-"",""-"",""-"",""-"",""-""]",1097.16,1596717583471,true,"trial185_1",1106.5500000000002,"cond2",5.0799900000000004,3.18516,6.3106,5.0799900000000004
"1753979",0,5,"[""trial559_prob3"",""trial559_prob2"",""trial559_prob1"",""trial559_pay3"",""trial559_pay2""]","[1596717585613,1596717586552,1596717588424,1596717592471,1596717594525]","[0.504,0.537,0.849]","[47.9,51.9,92.7]",1596717584493,"trial559_","phase0","[""-"",""-"",""-"",""-"",""-"",""-""]",1106.5500000000002,1596717595396,true,"trial559_3",1199.2500000000002,"cond2",24.1416,27.8703,78.7023,78.7023
"1753979",0,1,"[""trial535_prob3"",""trial535_prob2""]","[1596717597475,1596717598326]","[0.183,0.849,0.402]","[7.26,99.9,8.65]",1596717596299,"trial535_","phase0","[""-"",""-"",""-"",""-"",""-"",""-""]",1199.2500000000002,1596717600759,true,"trial535_3",1207.9000000000003,"cond2",1.3285799999999999,84.8151,3.4773000000000005,3.4773000000000005
"1753979",0,4,"[""trial45_prob3"",""trial45_prob2"",""trial45_prob1"",""trial45_pay3""]","[1596717603253,1596717605442,1596717606381,1596717607347]","[0.151,0.129,0.909]","[92.2,96.3,2.66]",1596717601944,"trial45_","phase0","[""-"",""-"",""-"",""-"",""-"",""-""]",1207.9000000000003,1596717610539,true,"trial45_3",1210.5600000000004,"cond2",13.9222,12.4227,2.41794,2.41794
"1753979",0,2,"[""trial113_prob3"",""trial113_prob2""]","[1596717612767,1596717613817]","[0.401,0.535,0.143]","[1.62,51.9,47.2]",1596717611691,"trial113_","phase0","[""-"",""-"",""-"",""-"",""-"",""-""]",1210.5600000000004,1596717615433,true,"trial113_2",1262.4600000000005,"cond2",0.6496200000000001,27.7665,6.7496,27.7665
"1753979",0,2,"[""trial182_prob2"",""trial182_prob1""]","[1596717617908,1596717618955]","[0.916,0.0391,0.543]","[47.2,8.89,94.1]",1596717616626,"trial182_","phase0","[""-"",""-"",""-"",""-"",""-"",""-""]",1262.4600000000005,1596717620302,true,"trial182_1",1309.6600000000005,"cond2",43.235200000000006,0.34759900000000005,51.0963,43.235200000000006
"1753979",0,5,"[""trial867_prob1"",""trial867_prob3"",""trial867_prob2"",""trial867_pay2"",""trial867_pay3""]","[1596717622158,1596717623069,1596717625282,1596717626835,1596717628510]","[0.0265,0.501,0.0916]","[54.4,54.7,53.6]",1596717621140,"trial867_","phase0","[""-"",""-"",""-"",""-"",""-"",""-""]",1309.6600000000005,1596717629539,true,"trial867_2",1364.3600000000006,"cond2",1.4416,27.404700000000002,4.90976,27.404700000000002
"1753979",0,4,"[""trial860_prob3"",""trial860_prob2"",""trial860_pay2"",""trial860_pay3""]","[1596717631394,1596717632570,1596717635579,1596717636877]","[0.987,0.546,0.179]","[93.2,48,47.1]",1596717630375,"trial860_","phase0","[""-"",""-"",""-"",""-"",""-"",""-""]",1364.3600000000006,1596717637957,false,"trial860_2",1364.3600000000006,"cond2",91.9884,26.208000000000002,8.4309,26.208000000000002
"1753979",0,6,"[""trial687_prob3"",""trial687_prob2"",""trial687_pay2"",""trial687_pay3"",""trial687_pay1"",""trial687_prob1""]","[1596717639979,1596717640966,1596717642342,1596717643396,1596717646446,1596717647025]","[0.556,0.549,0.479]","[0.791,54.6,51.4]",1596717638873,"trial687_","phase0","[""-"",""-"",""-"",""-"",""-"",""-""]",1364.3600000000006,1596717649813,false,"trial687_1",1364.3600000000006,"cond2",0.4397960000000001,29.975400000000004,24.6206,0.4397960000000001
"1753979",0,1,"[""trial721_prob2"",""trial721_prob3""]","[1596717651920,1596717652818]","[0.435,0.404,0.0607]","[91.5,92,90.7]",1596717650891,"trial721_","phase0","[""-"",""-"",""-"",""-"",""-"",""-""]",1364.3600000000006,1596717654745,true,"trial721_2",1456.3600000000006,"cond2",39.8025,37.168,5.50549,37.168
"1753979",0,3,"[""trial735_prob3"",""trial735_prob2"",""trial735_prob1""]","[1596717656864,1596717658020,1596717659117]","[0.0891,0.817,0.581]","[1.17,1.98,46.1]",1596717655848,"trial735_","phase0","[""-"",""-"",""-"",""-"",""-"",""-""]",1456.3600000000006,1596717660070,true,"trial735_2",1458.3400000000006,"cond2",0.10424699999999999,1.6176599999999999,26.7841,1.6176599999999999
"1753979",0,1,"[""trial359_prob3"",""trial359_prob2""]","[1596717662149,1596717663112]","[0.124,0.413,0.504]","[4.44,50.3,45.8]",1596717661051,"trial359_","phase0","[""-"",""-"",""-"",""-"",""-"",""-""]",1458.3400000000006,1596717665214,true,"trial359_3",1504.1400000000006,"cond2",0.55056,20.773899999999998,23.083199999999998,23.083199999999998
"1753979",0,6,"[""trial70_prob2"",""trial70_prob1"",""trial70_prob3"",""trial70_pay3"",""trial70_pay2"",""trial70_pay1""]","[1596717667329,1596717670067,1596717670940,1596717671681,1596717672792,1596717675424]","[0.0169,0.873,0.548]","[53.7,49.9,6.14]",1596717666390,"trial70_","phase0","[""-"",""-"",""-"",""-"",""-"",""-""]",1504.1400000000006,1596717676330,true,"trial70_2",1554.0400000000006,"cond2",0.90753,43.5627,3.36472,43.5627
"1753979",0,6,"[""trial155_prob3"",""trial155_prob2"",""trial155_pay2"",""trial155_prob1"",""trial155_pay3"",""trial155_pay1""]","[1596717678316,1596717679304,1596717680653,1596717681862,1596717682681,1596717684649]","[0.5,0.884,0.596]","[96.9,90.8,46.7]",1596717677368,"trial155_","phase0","[""-"",""-"",""-"",""-"",""-"",""-""]",1554.0400000000006,1596717686512,true,"trial155_2",1644.8400000000006,"cond2",48.45,80.2672,27.8332,80.2672
"1753979",0,5,"[""trial671_prob3"",""trial671_prob2"",""trial671_prob1"",""trial671_pay2"",""trial671_pay3""]","[1596717688711,1596717689521,1596717690598,1596717691970,1596717693017]","[0.458,0.528,0.509]","[93,47.1,47.5]",1596717687641,"trial671_","phase0","[""-"",""-"",""-"",""-"",""-"",""-""]",1644.8400000000006,1596717694438,false,"trial671_2",1644.8400000000006,"cond2",42.594,24.8688,24.177500000000002,24.8688
"1753979",0,5,"[""trial827_prob3"",""trial827_prob2"",""trial827_pay2"",""trial827_prob1"",""trial827_pay3""]","[1596717696479,1596717697386,1596717698091,1596717698993,1596717700508]","[0.474,0.524,0.414]","[50.4,3.05,99.7]",1596717695468,"trial827_","phase0","[""-"",""-"",""-"",""-"",""-"",""-""]",1644.8400000000006,1596717701989,false,"trial827_2",1644.8400000000006,"cond2",23.889599999999998,1.5982,41.2758,1.5982
"1753979",0,4,"[""trial93_prob3"",""trial93_prob2"",""trial93_prob1"",""trial93_pay2""]","[1596717703891,1596717705125,1596717705968,1596717708484]","[0.0931,0.498,0.44]","[94.1,49.5,97.3]",1596717702847,"trial93_","phase0","[""-"",""-"",""-"",""-"",""-"",""-""]",1644.8400000000006,1596717709243,true,"trial93_2",1694.3400000000006,"cond2",8.76071,24.651,42.812,24.651
"1753979",0,4,"[""trial572_prob2"",""trial572_prob3"",""trial572_prob1"",""trial572_pay1"",""trial572_pay2""]","[1596717711648,1596717712422,1596717713458,1596717714062,1596717714880]","[0.436,0.585,0.178]","[93.9,48.1,99.7]",1596717710290,"trial572_","phase0","[""-"",""-"",""-"",""-"",""-"",""-""]",1694.3400000000006,1596717716606,true,"trial572_2",1742.4400000000005,"cond2",40.940400000000004,28.1385,17.7466,28.1385
"1753979",0,2,"[""trial325_prob2"",""trial325_prob3"",""trial325_prob1""]","[1596717718363,1596717719057,1596717719898]","[0.52,0.504,0.419]","[51.2,49.2,93.2]",1596717717372,"trial325_","phase0","[""-"",""-"",""-"",""-"",""-"",""-""]",1742.4400000000005,1596717721833,true,"trial325_2",1791.6400000000006,"cond2",26.624000000000002,24.7968,39.0508,24.7968
"1753979",0,3,"[""trial16_prob2"",""trial16_prob3"",""trial16_pay2""]","[1596717723917,1596717724826,1596717726865]","[0.551,0.441,0.106]","[48.6,52.7,99.8]",1596717722824,"trial16_","phase0","[""-"",""-"",""-"",""-"",""-"",""-""]",1791.6400000000006,1596717727545,true,"trial16_2",1844.3400000000006,"cond2",26.778600000000004,23.2407,10.5788,23.2407
"1753979",0,1,"[""trial710_prob2"",""trial710_prob3""]","[1596717729712,1596717731058]","[0.534,0.0507,0.416]","[4.16,48.5,9.49]",1596717728656,"trial710_","phase0","[""-"",""-"",""-"",""-"",""-"",""-""]",1844.3400000000006,1596717733207,false,"trial710_3",1844.3400000000006,"cond2",2.2214400000000003,2.45895,3.94784,3.94784
"1753979",0,2,"[""trial112_prob3"",""trial112_prob2""]","[1596717735228,1596717736313]","[0.122,0.438,0.567]","[90.9,45.9,1.79]",1596717734307,"trial112_","phase0","[""-"",""-"",""-"",""-"",""-"",""-""]",1844.3400000000006,1596717737643,true,"trial112_3",1846.1300000000006,"cond2",11.0898,20.1042,1.0149299999999999,1.0149299999999999
"1753979",0,1,"[""trial55_prob3"",""trial55_prob2""]","[1596717739697,1596717740571]","[0.588,0.98,0.428]","[2.94,8.7,48.5]",1596717738843,"trial55_","phase0","[""-"",""-"",""-"",""-"",""-"",""-""]",1846.1300000000006,1596717742933,false,"trial55_3",1846.1300000000006,"cond2",1.7287199999999998,8.526,20.758,20.758
"1753979",0,6,"[""trial819_prob2"",""trial819_prob1"",""trial819_prob3"",""trial819_pay3"",""trial819_pay2"",""trial819_pay1""]","[1596717744803,1596717746536,1596717747646,1596717750546,1596717752614,1596717755913]","[0.423,0.00268,0.941]","[94.4,94.5,51.7]",1596717743938,"trial819_","phase0","[""-"",""-"",""-"",""-"",""-"",""-""]",1846.1300000000006,1596717758260,true,"trial819_1",1940.5300000000007,"cond2",39.931200000000004,0.25326,48.6497,39.931200000000004
"1753979",0,5,"[""trial330_prob3"",""trial330_prob2"",""trial330_prob1"",""trial330_pay3"",""trial330_pay2""]","[1596717760259,1596717761110,1596717762410,1596717763343,1596717764340]","[0.0232,0.571,0.508]","[49.3,93.5,48.5]",1596717759201,"trial330_","phase0","[""-"",""-"",""-"",""-"",""-"",""-""]",1940.5300000000007,1596717765148,true,"trial330_2",2034.0300000000007,"cond2",1.1437599999999999,53.38849999999999,24.638,53.38849999999999
"1753979",0,2,"[""trial175_prob2"",""trial175_prob3"",""trial175_prob1""]","[1596717767011,1596717768074,1596717769061]","[0.977,0.837,0.521]","[47.5,8.02,49]",1596717766110,"trial175_","phase0","[""-"",""-"",""-"",""-"",""-"",""-""]",2034.0300000000007,1596717771016,true,"trial175_2",2042.0500000000006,"cond2",46.4075,6.712739999999999,25.529,6.712739999999999
"887785",0,4,"[""trial153_prob1"",""trial153_prob2"",""trial153_prob3"",""trial153_pay1"",""trial153_pay2"",""trial153_pay3""]","[1597005704745,1597005704756,1597005704765,1597005704771,1597005704776,1597005704783]","[0.715,0.651,0.274]","[23.8,21.5,20.5]",1597005704717,"trial153_","phase0","[""-"",""-"",""-"",""-"",""-"",""-""]",0,1597005711528,true,"trial153_1",53.8,"cond1",17.017,13.996500000000001,5.617000000000001,46.537
"887785",0,4,"[""trial332_prob1"",""trial332_prob2"",""trial332_prob3"",""trial332_pay1"",""trial332_pay2"",""trial332_pay3""]","[1597005713387,1597005713392,1597005713399,1597005713406,1597005713410,1597005713415]","[0.534,0.568,0.3]","[11.7,11.7,27.8]",1597005713380,"trial332_","phase0","[""-"",""-"",""-"",""-"",""-"",""-""]",53.8,1597005730547,false,"trial332_3",53.8,"cond1",6.2478,6.645599999999999,8.34,14.669999999999998
"887785",0,1,"[""trial769_prob1"",""trial769_prob2"",""trial769_prob3"",""trial769_pay1"",""trial769_pay2"",""trial769_pay3""]","[1597005732547,1597005732571,1597005732595,1597005732605,1597005732614,1597005732622]","[0.342,0.811,0.26]","[23.1,16.4,13]",1597005732523,"trial769_","phase0","[""-"",""-"",""-"",""-"",""-"",""-""]",53.8,1597005799399,true,"trial769_2",100.19999999999999,"cond1",7.900200000000001,13.3004,3.38,26.0304
"887785",0,5,"[""trial958_prob1"",""trial958_prob2"",""trial958_prob3"",""trial958_pay1"",""trial958_pay2"",""trial958_pay3""]","[1597005801069,1597005801091,1597005801115,1597005801128,1597005801146,1597005801155]","[0.223,0.668,0.6]","[19.7,22.7,21]",1597005801046,"trial958_","phase0","[""-"",""-"",""-"",""-"",""-"",""-""]",100.19999999999999,1597005805251,true,"trial958_2",107.89999999999999,"cond1",4.3931,15.1636,12.6,6.2985999999999995
"887785",0,4,"[""trial371_prob1"",""trial371_prob2"",""trial371_prob3"",""trial371_pay1"",""trial371_pay2"",""trial371_pay3""]","[1597005806678,1597005806695,1597005806716,1597005806723,1597005806730,1597005806735]","[0.432,0.15,0.226]","[19.8,23.7,15.1]",1597005806667,"trial371_","phase0","[""-"",""-"",""-"",""-"",""-"",""-""]",107.89999999999999,1597005825080,true,"trial371_1",157.7,"cond1",8.5536,3.5549999999999997,3.4126,21.5136
"887785",0,5,"[""trial833_prob1"",""trial833_prob2"",""trial833_prob3"",""trial833_pay1"",""trial833_pay2"",""trial833_pay3""]","[1597005829496,1597005829510,1597005829518,1597005829525,1597005829530,1597005829535]","[0.433,0.771,0.676]","[13.2,22.2,22.5]",1597005829483,"trial833_","phase0","[""-"",""-"",""-"",""-"",""-"",""-""]",157.7,1597005835150,false,"trial833_3",157.7,"cond1",5.715599999999999,17.1162,15.21,39.405
"887785",0,2,"[""trial643_prob1"",""trial643_prob2"",""trial643_prob3"",""trial643_pay1"",""trial643_pay2"",""trial643_pay3""]","[1597005836747,1597005836757,1597005836765,1597005836771,1597005836774,1597005836779]","[0.463,0.407,0.32]","[24,19.3,19.2]",1597005836732,"trial643_","phase0","[""-"",""-"",""-"",""-"",""-"",""-""]",157.7,1597005840158,true,"trial643_1",251.7,"cond1",11.112,7.8551,6.144,43.522000000000006
"887785",0,5,"[""trial375_prob1"",""trial375_prob2"",""trial375_prob3"",""trial375_pay1"",""trial375_pay2"",""trial375_pay3""]","[1597005841372,1597005841385,1597005841397,1597005841405,1597005841410,1597005841415]","[0.544,0.156,0.779]","[16.9,23.1,18.6]",1597005841356,"trial375_","phase0","[""-"",""-"",""-"",""-"",""-"",""-""]",251.7,1597005844218,true,"trial375_3",260.26,"cond1",9.1936,3.6036,14.489400000000002,7.952240000000001
"887785",0,3,"[""trial979_prob1"",""trial979_prob2"",""trial979_prob3"",""trial979_pay1"",""trial979_pay2"",""trial979_pay3""]","[1597005845660,1597005845674,1597005845687,1597005845696,1597005845700,1597005845706]","[0.34,0.208,0.688]","[20,15.9,20]",1597005845645,"trial979_","phase0","[""-"",""-"",""-"",""-"",""-"",""-""]",260.26,1597005847664,false,"trial979_1",260.26,"cond1",6.800000000000001,3.3072,13.759999999999998,18.05
"887785",0,3,"[""trial205_prob1"",""trial205_prob2"",""trial205_prob3"",""trial205_pay1"",""trial205_pay2"",""trial205_pay3""]","[1597005848874,1597005848887,1597005848900,1597005848909,1597005848915,1597005848920]","[0.72,0.582,0.179]","[15.7,18.1,15.6]",1597005848856,"trial205_","phase0","[""-"",""-"",""-"",""-"",""-"",""-""]",260.26,1597005850106,false,"trial205_3",260.26,"cond1",11.303999999999998,10.5342,2.7923999999999998,38.867399999999996
"887785",0,1,"[""trial85_prob1"",""trial85_prob2"",""trial85_prob3"",""trial85_pay1"",""trial85_pay2"",""trial85_pay3""]","[1597005851729,1597005851740,1597005851749,1597005851756,1597005851762,1597005851768]","[0.201,0.797,0.316]","[19.6,23.8,10.6]",1597005851716,"trial85_","phase0","[""-"",""-"",""-"",""-"",""-"",""-""]",260.26,1597005853597,false,"trial85_1",260.26,"cond1",3.9396000000000004,18.968600000000002,3.3496,2.5048000000000004
"887785",0,5,"[""trial899_prob1"",""trial899_prob2"",""trial899_prob3"",""trial899_pay1"",""trial899_pay2"",""trial899_pay3""]","[1597005854960,1597005854977,1597005854987,1597005854995,1597005855001,1597005855007]","[0.836,0.251,0.251]","[24.7,15.1,22.9]",1597005854942,"trial899_","phase0","[""-"",""-"",""-"",""-"",""-"",""-""]",260.26,1597005856598,false,"trial899_3",260.26,"cond1",20.649199999999997,3.7901,5.7479,5.3429
"887785",0,1,"[""trial268_prob1"",""trial268_prob2"",""trial268_prob3"",""trial268_pay1"",""trial268_pay2"",""trial268_pay3""]","[1597005858276,1597005858288,1597005858297,1597005858305,1597005858310,1597005858315]","[0.462,0.805,0.521]","[22.7,23.3,23.5]",1597005858259,"trial268_","phase0","[""-"",""-"",""-"",""-"",""-"",""-""]",260.26,1597005860144,true,"trial268_1",352.96,"cond1",10.487400000000001,18.756500000000003,12.243500000000001,42.827400000000004
"887785",0,2,"[""trial790_prob1"",""trial790_prob2"",""trial790_prob3"",""trial790_pay1"",""trial790_pay2"",""trial790_pay3""]","[1597005861803,1597005861815,1597005861823,1597005861832,1597005861838,1597005861844]","[0.217,0.312,0.507]","[12.9,22.7,13.9]",1597005861783,"trial790_","phase0","[""-"",""-"",""-"",""-"",""-"",""-""]",352.96,1597005866329,false,"trial790_2",352.96,"cond1",2.7993,7.0824,7.0473,54.90740000000001
"887785",0,6,"[""trial59_prob1"",""trial59_prob2"",""trial59_prob3"",""trial59_pay1"",""trial59_pay2"",""trial59_pay3""]","[1597005868110,1597005868125,1597005868135,1597005868146,1597005868151,1597005868157]","[0.553,0.255,0.208]","[15.5,22.1,27.7]",1597005868091,"trial59_","phase0","[""-"",""-"",""-"",""-"",""-"",""-""]",352.96,1597005871769,true,"trial59_2",445.05999999999995,"cond1",8.5715,5.6355,5.7616,46.5105
"887785",0,5,"[""trial954_prob1"",""trial954_prob2"",""trial954_prob3"",""trial954_pay1"",""trial954_pay2"",""trial954_pay3""]","[1597005872916,1597005872930,1597005872939,1597005872948,1597005872954,1597005872960]","[0.344,0.724,0.821]","[16.8,13,22.8]",1597005872898,"trial954_","phase0","[""-"",""-"",""-"",""-"",""-"",""-""]",445.05999999999995,1597005874929,true,"trial954_1",536.8599999999999,"cond1",5.7791999999999994,9.411999999999999,18.718799999999998,17.8092
"887785",0,5,"[""trial224_prob1"",""trial224_prob2"",""trial224_prob3"",""trial224_pay1"",""trial224_pay2"",""trial224_pay3""]","[1597005876645,1597005876661,1597005876670,1597005876678,1597005876684,1597005876691]","[0.344,0.672,0.462]","[17.2,18.6,23.3]",1597005876627,"trial224_","phase0","[""-"",""-"",""-"",""-"",""-"",""-""]",536.8599999999999,1597005882542,true,"trial224_3",590.1599999999999,"cond1",5.916799999999999,12.499200000000002,10.764600000000002,24.6246
"887785",0,3,"[""trial311_prob1"",""trial311_prob2"",""trial311_prob3"",""trial311_pay1"",""trial311_pay2"",""trial311_pay3""]","[1597005884050,1597005884069,1597005884077,1597005884085,1597005884091,1597005884096]","[0.411,0.423,0.722]","[27.2,16.2,23.4]",1597005884031,"trial311_","phase0","[""-"",""-"",""-"",""-"",""-"",""-""]",590.1599999999999,1597005887864,true,"trial311_3",643.5599999999998,"cond1",11.1792,6.8526,16.8948,25.2048
"887785",0,1,"[""trial801_prob1"",""trial801_prob2"",""trial801_prob3"",""trial801_pay1"",""trial801_pay2"",""trial801_pay3""]","[1597005890414,1597005890427,1597005890437,1597005890446,1597005890452,1597005890460]","[0.488,0.182,0.447]","[18.5,10.5,15.4]",1597005890395,"trial801_","phase0","[""-"",""-"",""-"",""-"",""-"",""-""]",643.5599999999998,1597005893151,false,"trial801_1",643.5599999999998,"cond1",9.028,1.911,6.8838,4.16264
"887785",0,6,"[""trial538_prob1"",""trial538_prob2"",""trial538_prob3"",""trial538_pay1"",""trial538_pay2"",""trial538_pay3""]","[1597005894671,1597005894682,1597005894690,1597005894698,1597005894705,1597005894711]","[0.588,0.28,0.523]","[18.4,16.1,19.4]",1597005894649,"trial538_","phase0","[""-"",""-"",""-"",""-"",""-"",""-""]",643.5599999999998,1597005897791,true,"trial538_1",691.9599999999998,"cond1",10.819199999999999,4.508000000000001,10.1462,28.4592
"887785",0,3,"[""trial255_prob1"",""trial255_prob2"",""trial255_prob3"",""trial255_pay1"",""trial255_pay2"",""trial255_pay3""]","[1597005899279,1597005899292,1597005899301,1597005899310,1597005899317,1597005899324]","[0.341,0.593,0.212]","[15.9,17.1,15.5]",1597005899258,"trial255_","phase0","[""-"",""-"",""-"",""-"",""-"",""-""]",691.9599999999998,1597005903134,true,"trial255_2",739.0599999999998,"cond1",5.421900000000001,10.1403,3.286,27.9303
"887785",0,3,"[""trial115_prob1"",""trial115_prob2"",""trial115_prob3"",""trial115_pay1"",""trial115_pay2"",""trial115_pay3""]","[1597005904730,1597005904744,1597005904753,1597005904761,1597005904765,1597005904772]","[0.233,0.519,0.812]","[19,16.2,22.1]",1597005904711,"trial115_","phase0","[""-"",""-"",""-"",""-"",""-"",""-""]",739.0599999999998,1597005906993,true,"trial115_3",831.1599999999999,"cond1",4.4270000000000005,8.4078,17.945200000000003,88.60019999999999
"887785",0,4,"[""trial80_prob1"",""trial80_prob2"",""trial80_prob3"",""trial80_pay1"",""trial80_pay2"",""trial80_pay3""]","[1597005908582,1597005908601,1597005908611,1597005908620,1597005908628,1597005908636]","[0.203,0.289,0.709]","[18.4,18.1,29.2]",1597005908562,"trial80_","phase0","[""-"",""-"",""-"",""-"",""-"",""-""]",831.1599999999999,1597005911362,true,"trial80_3",930.3599999999999,"cond1",3.7352,5.2309,20.7028,85.2128
"887785",0,4,"[""trial536_prob1"",""trial536_prob2"",""trial536_prob3"",""trial536_pay1"",""trial536_pay2"",""trial536_pay3""]","[1597005912847,1597005912864,1597005912875,1597005912887,1597005912898,1597005912909]","[0.209,0.572,0.467]","[21.2,15.1,21.8]",1597005912823,"trial536_","phase0","[""-"",""-"",""-"",""-"",""-"",""-""]",930.3599999999999,1597005915790,false,"trial536_3",930.3599999999999,"cond1",4.4308,8.637199999999998,10.1806,24.1906
"887785",0,1,"[""trial418_prob1"",""trial418_prob2"",""trial418_prob3"",""trial418_pay1"",""trial418_pay2"",""trial418_pay3""]","[1597005917288,1597005917313,1597005917329,1597005917339,1597005917349,1597005917361]","[0.184,0.759,0.582]","[21.6,26.6,14.6]",1597005917268,"trial418_","phase0","[""-"",""-"",""-"",""-"",""-"",""-""]",930.3599999999999,1597005920059,true,"trial418_2",1026.9599999999998,"cond1",3.9744,20.189400000000003,8.4972,49.169399999999996
"887785",0,3,"[""trial785_pay3"",""trial785_prob3"",""trial785_prob1""]","[1597005925927,1597005927581,1597005929078]","[0.792,0.311,0.765]","[26.1,24.4,24.1]",1597005922484,"trial785_","phase0","[""-"",""-"",""-"",""-"",""-"",""-""]",1026.9599999999998,1597005931338,false,"trial785_1",1026.9599999999998,"cond1",20.671200000000002,7.588399999999999,18.436500000000002,52.0862
"887785",0,2,"[""trial1_prob2"",""trial1_pay3""]","[1597005934531,1597005936534]","[0.339,0.656,0.668]","[17.4,24.1,15.8]",1597005932951,"trial1_","phase0","[""-"",""-"",""-"",""-"",""-"",""-""]",1026.9599999999998,1597005938082,true,"trial1_3",1032.7099999999998,"cond1",5.8986,15.809600000000001,10.554400000000001,2.4034999999999997
"887785",0,6,"[""trial871_prob2"",""trial871_pay2"",""trial871_pay1"",""trial871_prob1"",""trial871_pay3"",""trial871_prob3""]","[1597005941250,1597005942597,1597005944357,1597005945468,1597005946923,1597005948042]","[0.329,0.317,0.745]","[19.4,15.6,23.5]",1597005939622,"trial871_","phase0","[""-"",""-"",""-"",""-"",""-"",""-""]",1032.7099999999998,1597005950904,true,"trial871_3",1126.2099999999998,"cond1",6.3826,4.9452,17.5075,46.2825
"887785",0,3,"[""trial287_pay3"",""trial287_prob3"",""trial287_prob2"",""trial287_pay2""]","[1597005954040,1597005955257,1597005956791,1597005958295]","[0.551,0.838,0.318]","[12,19.3,25.1]",1597005952459,"trial287_","phase0","[""-"",""-"",""-"",""-"",""-"",""-""]",1126.2099999999998,1597005961621,false,"trial287_1",1126.2099999999998,"cond1",6.612,16.1734,7.981800000000001,1.11853
"887785",0,3,"[""trial694_pay3"",""trial694_prob3"",""trial694_prob2"",""trial694_pay1""]","[1597005964424,1597005965738,1597005967192,1597005969604]","[0.157,0.33,0.737]","[23.8,20,18.2]",1597005963066,"trial694_","phase0","[""-"",""-"",""-"",""-"",""-"",""-""]",1126.2099999999998,1597005973076,false,"trial694_1",1126.2099999999998,"cond1",3.7366,6.6000000000000005,13.4134,0.678174
"887785",0,1,"[""trial590_pay3""]","[1597005978587]","[0.807,0.725,0.751]","[15.9,24.3,24.7]",1597005974633,"trial590_","phase0","[""-"",""-"",""-"",""-"",""-"",""-""]",1126.2099999999998,1597005980491,true,"trial590_3",1180.9099999999999,"cond1",12.8313,17.6175,18.549699999999998,49.2847
"887785",0,3,"[""trial2_prob3"",""trial2_pay3"",""trial2_prob2"",""trial2_pay2""]","[1597006028694,1597006030301,1597006031719,1597006033176]","[0.505,0.232,0.335]","[17.4,18.6,16.5]",1597006025670,"trial2_","phase0","[""-"",""-"",""-"",""-"",""-"",""-""]",1180.9099999999999,1597006039797,true,"trial2_3",1227.4099999999999,"cond1",8.786999999999999,4.315200000000001,5.527500000000001,27.202499999999997
"887785",0,6,"[""trial324_prob2"",""trial324_pay3"",""trial324_prob3"",""trial324_pay2"",""trial324_pay1"",""trial324_prob1""]","[1597006086524,1597006087499,1597006088397,1597006089646,1597006090854,1597006091857]","[0.178,0.418,0.701]","[21.6,19.4,17.3]",1597006041320,"trial324_","phase0","[""-"",""-"",""-"",""-"",""-"",""-""]",1227.4099999999999,1597006093499,true,"trial324_1",1279.0099999999998,"cond1",3.8448,8.1092,12.1273,22.0848
"887785",0,4,"[""trial615_prob3"",""trial615_pay3"",""trial615_prob1"",""trial615_pay1"",""trial615_pay2""]","[1597006097352,1597006098347,1597006099825,1597006101091,1597006102625]","[0.206,0.769,0.715]","[22.8,21.9,17.2]",1597006095013,"trial615_","phase0","[""-"",""-"",""-"",""-"",""-"",""-""]",1279.0099999999998,1597006105598,true,"trial615_3",1326.2099999999998,"cond1",4.6968,16.8411,12.297999999999998,21.948000000000004
"887785",0,2,"[""trial870_pay3"",""trial870_pay1"",""trial870_prob2""]","[1597006146586,1597006148619,1597006150088]","[0.19,0.522,0.677]","[17.2,28.1,13.6]",1597006107192,"trial870_","phase0","[""-"",""-"",""-"",""-"",""-"",""-""]",1326.2099999999998,1597006155948,true,"trial870_2",1424.3099999999997,"cond1",3.268,14.6682,9.2072,51.2082
"887785",0,5,"[""trial556_prob1"",""trial556_pay3"",""trial556_prob3"",""trial556_pay1"",""trial556_prob2""]","[1597006159162,1597006160469,1597006161545,1597006163041,1597006164485]","[0.429,0.405,0.172]","[21.9,17.9,14.5]",1597006157523,"trial556_","phase0","[""-"",""-"",""-"",""-"",""-"",""-""]",1424.3099999999997,1597006167614,false,"trial556_1",1424.3099999999997,"cond1",9.3951,7.2495,2.4939999999999998,22.2651
"887785",0,2,"[""trial770_pay3"",""trial770_pay2""]","[1597006173555,1597006175125]","[0.187,0.445,0.539]","[21,22.9,21.4]",1597006169344,"trial770_","phase0","[""-"",""-"",""-"",""-"",""-"",""-""]",1424.3099999999997,1597006176680,true,"trial770_3",1475.7099999999998,"cond1",3.927,10.1905,11.5346,27.704600000000003
"887785",0,2,"[""trial90_pay3"",""trial90_pay2""]","[1597006183652,1597006186433]","[0.694,0.269,0.748]","[23.7,18.2,18.5]",1597006178143,"trial90_","phase0","[""-"",""-"",""-"",""-"",""-"",""-""]",1475.7099999999998,1597006188210,false,"trial90_2",1475.7099999999998,"cond1",16.447799999999997,4.8958,13.838,48.3708
"887785",0,4,"[""trial118_pay3"",""trial118_pay2"",""trial118_pay1"",""trial118_prob3""]","[1597006192126,1597006193305,1597006194846,1597006201095]","[0.79,0.745,0.512]","[28.9,18.4,22.9]",1597006190409,"trial118_","phase0","[""-"",""-"",""-"",""-"",""-"",""-""]",1475.7099999999998,1597006203128,true,"trial118_3",1573.61,"cond1",22.831,13.707999999999998,11.7248,50.1248
"887785",0,3,"[""trial743_prob3"",""trial743_prob1"",""trial743_prob2""]","[1597006209286,1597006210641,1597006212092]","[0.266,0.421,0.588]","[19.7,12.3,16.7]",1597006204820,"trial743_","phase0","[""-"",""-"",""-"",""-"",""-"",""-""]",1573.61,1597006303857,false,"trial743_3",1573.61,"cond1",5.2402,5.1783,9.8196,3.9278399999999998
"887785",0,5,"[""trial71_pay3"",""trial71_pay2"",""trial71_pay1"",""trial71_prob2"",""trial71_prob3""]","[1597006307350,1597006309093,1597006311704,1597006313609,1597006316100]","[0.531,0.199,0.202]","[15.6,23.6,16.1]",1597006305446,"trial71_","phase0","[""-"",""-"",""-"",""-"",""-"",""-""]",1573.61,1597006319104,false,"trial71_2",1573.61,"cond1",8.2836,4.696400000000001,3.2522000000000006,44.2714
"887785",0,3,"[""trial407_pay3"",""trial407_pay2"",""trial407_pay1"",""trial407_prob1""]","[1597006357473,1597006360275,1597006362223,1597006364036]","[0.321,0.487,0.653]","[26.1,19.3,24.2]",1597006355249,"trial407_","phase0","[""-"",""-"",""-"",""-"",""-"",""-""]",1573.61,1597006366664,false,"trial407_1",1573.61,"cond1",8.3781,9.3991,15.8026,16.4331
"887785",0,6,"[""trial878_prob3"",""trial878_pay3"",""trial878_prob2"",""trial878_pay2"",""trial878_pay1"",""trial878_prob1""]","[1597006415837,1597006417036,1597006418149,1597006419150,1597006420656,1597006421683]","[0.413,0.847,0.183]","[16.1,19.4,22.9]",1597006367937,"trial878_","phase0","[""-"",""-"",""-"",""-"",""-"",""-""]",1573.61,1597006425177,true,"trial878_2",1623.01,"cond1",6.6493,16.4318,4.1907,49.251799999999996
"887785",0,2,"[""trial337_pay3"",""trial337_pay2""]","[1597006540729,1597006542300]","[0.747,0.344,0.228]","[21.2,10.3,24.2]",1597006426954,"trial337_","phase0","[""-"",""-"",""-"",""-"",""-"",""-""]",1623.01,1597006544317,false,"trial337_3",1623.01,"cond1",15.8364,3.5432,5.5176,7.38528
"887785",0,2,"[""trial505_pay3"",""trial505_pay2""]","[1597006566285,1597006567843]","[0.167,0.514,0.229]","[18.1,24.8,20.7]",1597006563890,"trial505_","phase0","[""-"",""-"",""-"",""-"",""-"",""-""]",1623.01,1597006569621,true,"trial505_2",1717.81,"cond1",3.0227000000000004,12.747200000000001,4.7403,48.727199999999996
"887785",0,5,"[""trial571_pay3"",""trial571_pay2"",""trial571_pay1"",""trial571_prob1"",""trial571_prob2""]","[1597006572939,1597006574836,1597006589631,1597006595205,1597006596681]","[0.483,0.233,0.239]","[20.6,15.1,20.5]",1597006571174,"trial571_","phase0","[""-"",""-"",""-"",""-"",""-"",""-""]",1717.81,1597006599664,true,"trial571_1",1813.4099999999999,"cond1",9.9498,3.5183,4.8995,46.1748
"887785",0,2,"[""trial652_pay3"",""trial652_pay2"",""trial652_pay1""]","[1597006603933,1597006605610,1597006607285]","[0.311,0.196,0.726]","[14.5,19.7,23.6]",1597006601318,"trial652_","phase0","[""-"",""-"",""-"",""-"",""-"",""-""]",1813.4099999999999,1597006610176,true,"trial652_3",1867.0099999999998,"cond1",4.5095,3.8612,17.1336,46.9536
"887785",0,1,"[""trial602_pay3"",""trial602_pay2""]","[1597006651902,1597006654608]","[0.567,0.658,0.445]","[22.4,29.7,15]",1597006650333,"trial602_","phase0","[""-"",""-"",""-"",""-"",""-"",""-""]",1867.0099999999998,1597006657583,true,"trial602_2",1966.7099999999998,"cond1",12.700799999999997,19.5426,6.675,80.55760000000001
"887785",0,6,"[""trial404_prob3"",""trial404_pay3"",""trial404_pay2"",""trial404_pay1"",""trial404_prob2"",""trial404_prob1""]","[1597006661943,1597006663056,1597006664740,1597006666454,1597006667751,1597006669375]","[0.744,0.509,0.593]","[26.2,26.1,21.3]",1597006659253,"trial404_","phase0","[""-"",""-"",""-"",""-"",""-"",""-""]",1966.7099999999998,1597006673946,true,"trial404_1",2062.91,"cond1",19.4928,13.2849,12.6309,86.00280000000001
"887785",0,6,"[""trial166_pay3"",""trial166_pay2"",""trial166_pay1"",""trial166_prob1"",""trial166_prob2"",""trial166_prob3""]","[1597006677394,1597006679824,1597006681382,1597006682552,1597006683844,1597006685199]","[0.523,0.788,0.668]","[12.5,23.1,18.5]",1597006675453,"trial166_","phase0","[""-"",""-"",""-"",""-"",""-"",""-""]",2062.91,1597006687961,true,"trial166_2",2161.0099999999998,"cond1",6.5375000000000005,18.202800000000003,12.358,92.0178
"887785",0,1,"[""trial297_pay3""]","[1597006692079]","[0.666,0.828,0.483]","[17.5,21.4,21.6]",1597006689808,"trial297_","phase0","[""-"",""-"",""-"",""-"",""-"",""-""]",2161.0099999999998,1597006693697,true,"trial297_3",2212.6099999999997,"cond1",11.655000000000001,17.719199999999997,10.4328,24.9228
"887785",0,4,"[""trial352_pay2"",""trial352_pay3"",""trial352_pay1"",""trial352_prob2""]","[1597006697637,1597006699299,1597006700948,1597006705100]","[0.431,0.435,0.222]","[17.9,20.7,10.1]",1597006695368,"trial352_","phase0","[""-"",""-"",""-"",""-"",""-"",""-""]",2212.6099999999997,1597006707351,true,"trial352_1",2260.5099999999998,"cond1",7.714899999999999,9.0045,2.2422,20.6449
"887785",0,6,"[""trial711_pay3"",""trial711_pay2"",""trial711_pay1"",""trial711_prob1"",""trial711_prob2"",""trial711_prob3""]","[1597006712000,1597006713351,1597006714926,1597006716639,1597006717916,1597006719316]","[0.471,0.15,0.307]","[25.2,21.3,29.2]",1597006709054,"trial711_","phase0","[""-"",""-"",""-"",""-"",""-"",""-""]",2260.5099999999998,1597006723133,true,"trial711_1",2355.7099999999996,"cond1",11.8692,3.195,8.9644,44.8392
"887785",0,6,"[""trial203_pay2"",""trial203_prob2"",""trial203_pay3"",""trial203_prob3"",""trial203_prob1"",""trial203_pay1""]","[1597006726878,1597006727771,1597006728901,1597006729760,1597006730975,1597006732173]","[0.666,0.41,0.591]","[10.5,18.5,20.7]",1597006724543,"trial203_","phase0","[""-"",""-"",""-"",""-"",""-"",""-""]",2355.7099999999996,1597006736760,true,"trial203_3",2446.4099999999994,"cond1",6.993,7.585,12.233699999999999,53.603699999999996
"887785",0,4,"[""trial665_pay3"",""trial665_pay2"",""trial665_pay1"",""trial665_prob1""]","[1597006771014,1597006772475,1597006773672,1597006774607]","[0.571,0.262,0.676]","[19.6,26.4,20.7]",1597006738563,"trial665_","phase0","[""-"",""-"",""-"",""-"",""-"",""-""]",2446.4099999999994,1597006776106,false,"trial665_1",2446.4099999999994,"cond1",11.1916,6.9168,13.9932,54.01659999999999